{
  "epoch": [
    1000,
    2000,
    3000,
    4000,
    5000,
    6000,
    7000,
    8000,
    9000,
    10000,
    11000,
    12000,
    13000,
    14000,
    15000,
    16000,
    17000,
    18000,
    19000,
    20000,
    21000,
    22000,
    23000,
    24000,
    25000,
    26000,
    27000,
    28000,
    29000,
    30000,
    31000,
    32000,
    33000,
    34000,
    35000,
    36000,
    37000,
    38000,
    39000,
    40000,
    41000,
    42000,
    43000,
    44000,
    45000,
    46000,
    47000,
    48000,
    49000,
    50000,
    51000,
    52000,
    53000,
    54000,
    55000,
    56000,
    57000,
    58000,
    59000,
    60000,
    61000,
    62000,
    63000,
    64000,
    65000,
    66000,
    67000,
    68000,
    69000,
    70000,
    71000,
    72000,
    73000,
    74000,
    75000,
    76000,
    77000,
    78000,
    79000,
    80000,
    81000,
    82000,
    83000,
    84000,
    85000,
    86000,
    87000,
    88000,
    89000,
    90000,
    91000,
    92000,
    93000,
    94000,
    95000,
    96000,
    97000,
    98000,
    99000,
    100000
  ],
  "train_loss": [
    0.693274199962616,
    0.6662589311599731,
    0.6262116432189941,
    0.5507498979568481,
    0.5388759970664978,
    0.5089970827102661,
    0.4952872097492218,
    0.4816461205482483,
    0.48938801884651184,
    0.4783218502998352,
    0.4670383632183075,
    0.45368385314941406,
    0.46816980838775635,
    0.49315935373306274,
    0.470273494720459,
    0.45080286264419556,
    0.45708417892456055,
    0.44738125801086426,
    0.44704705476760864,
    0.455064058303833,
    0.44039446115493774,
    0.4465489089488983,
    0.46522510051727295,
    0.45226606726646423,
    0.46021342277526855,
    0.44135016202926636,
    0.43527084589004517,
    0.45980024337768555,
    0.4417685866355896,
    0.4482462406158447,
    0.4345290958881378,
    0.4527871012687683,
    0.4405946135520935,
    0.4366273283958435,
    0.4377354085445404,
    0.44160890579223633,
    0.45211124420166016,
    0.43854981660842896,
    0.4529557228088379,
    0.44173771142959595,
    0.4345950484275818,
    0.4417794644832611,
    0.4428338408470154,
    0.44278115034103394,
    0.4450644850730896,
    0.434052050113678,
    0.4286520481109619,
    0.43296360969543457,
    0.4517454504966736,
    0.44168558716773987,
    0.447304368019104,
    0.4376845061779022,
    0.44239866733551025,
    0.4387621581554413,
    0.443106472492218,
    0.43662792444229126,
    0.4389576017856598,
    0.43803703784942627,
    0.43755853176116943,
    0.437050998210907,
    0.434900164604187,
    0.45095959305763245,
    0.4387734532356262,
    0.4404451549053192,
    0.4421532452106476,
    0.44188743829727173,
    0.4407157301902771,
    0.43219393491744995,
    0.440548837184906,
    0.43513286113739014,
    0.43980222940444946,
    0.4336535632610321,
    0.4455433487892151,
    0.43273282051086426,
    0.43837758898735046,
    0.43133267760276794,
    0.4345027804374695,
    0.4428984522819519,
    0.43332037329673767,
    0.43342357873916626,
    0.43787556886672974,
    0.4310530424118042,
    0.42763552069664,
    0.4395545423030853,
    0.43707573413848877,
    0.43761295080184937,
    0.4359261989593506,
    0.4389627277851105,
    0.4371606111526489,
    0.4363963007926941,
    0.4354066252708435,
    0.43741846084594727,
    0.44004881381988525,
    0.435348778963089,
    0.4300405979156494,
    0.4319716691970825,
    0.43118226528167725,
    0.4381703734397888,
    0.44025224447250366,
    0.4329283833503723
  ],
  "val_accuracy": [
    0.7282552083333333,
    0.7462890625,
    0.7553385416666667,
    0.7835286458333334,
    0.7918619791666667,
    0.8039713541666667,
    0.8098307291666667,
    0.8124348958333333,
    0.813671875,
    0.8142578125,
    0.8192708333333333,
    0.8173177083333333,
    0.817578125,
    0.8186848958333334,
    0.8206380208333334,
    0.8229166666666666,
    0.8229166666666666,
    0.8224609375,
    0.8232421875,
    0.8216145833333334,
    0.8231770833333333,
    0.8220703125,
    0.8222005208333333,
    0.8225260416666667,
    0.8251953125,
    0.8245442708333334,
    0.8213541666666667,
    0.8220052083333333,
    0.8228515625,
    0.8208984375,
    0.82265625,
    0.8242838541666667,
    0.8263020833333333,
    0.8246744791666667,
    0.827734375,
    0.8247395833333333,
    0.8238932291666666,
    0.8232421875,
    0.8237630208333333,
    0.823828125,
    0.8256510416666667,
    0.8248697916666666,
    0.8229817708333333,
    0.8251302083333333,
    0.8263671875,
    0.8259114583333333,
    0.8267578125,
    0.8244791666666667,
    0.8235677083333334,
    0.8244140625,
    0.826953125,
    0.8240885416666667,
    0.8240885416666667,
    0.8256510416666667,
    0.8245442708333334,
    0.8223307291666667,
    0.8241536458333333,
    0.826171875,
    0.8261067708333333,
    0.82421875,
    0.8252604166666667,
    0.8238932291666666,
    0.8252604166666667,
    0.8248046875,
    0.8235677083333334,
    0.8246744791666667,
    0.8233723958333333,
    0.8253255208333333,
    0.8262369791666667,
    0.8268880208333333,
    0.8252604166666667,
    0.8259114583333333,
    0.8245442708333334,
    0.8242838541666667,
    0.825390625,
    0.8255859375,
    0.8260416666666667,
    0.8241536458333333,
    0.825390625,
    0.8251302083333333,
    0.8259114583333333,
    0.8261067708333333,
    0.824609375,
    0.825,
    0.8236328125,
    0.8260416666666667,
    0.82578125,
    0.8263671875,
    0.8263671875,
    0.8243489583333333,
    0.8243489583333333,
    0.8253255208333333,
    0.8251302083333333,
    0.8251953125,
    0.8260416666666667,
    0.8240885416666667,
    0.8256510416666667,
    0.8259114583333333,
    0.8268229166666666,
    0.82734375
  ]
}