{
  "epoch": [
    1000,
    2000,
    3000,
    4000,
    5000,
    6000,
    7000,
    8000,
    9000,
    10000,
    11000,
    12000,
    13000,
    14000,
    15000,
    16000,
    17000,
    18000,
    19000,
    20000,
    21000,
    22000,
    23000,
    24000,
    25000,
    26000,
    27000,
    28000,
    29000,
    30000,
    31000,
    32000,
    33000,
    34000,
    35000,
    36000,
    37000,
    38000,
    39000,
    40000,
    41000,
    42000,
    43000,
    44000,
    45000,
    46000,
    47000,
    48000,
    49000,
    50000,
    51000,
    52000,
    53000,
    54000,
    55000,
    56000,
    57000,
    58000,
    59000,
    60000,
    61000,
    62000,
    63000,
    64000,
    65000,
    66000,
    67000,
    68000,
    69000,
    70000,
    71000,
    72000,
    73000,
    74000,
    75000,
    76000,
    77000,
    78000,
    79000,
    80000,
    81000,
    82000,
    83000,
    84000,
    85000,
    86000,
    87000,
    88000,
    89000,
    90000,
    91000,
    92000,
    93000,
    94000,
    95000,
    96000,
    97000,
    98000,
    99000,
    100000
  ],
  "train_loss": [
    0.6926359534263611,
    0.659177303314209,
    0.6433825492858887,
    0.6456350088119507,
    0.6398320198059082,
    0.6299679279327393,
    0.6209108829498291,
    0.5974935293197632,
    0.5892177224159241,
    0.5701706409454346,
    0.5662172436714172,
    0.5464038252830505,
    0.5274054408073425,
    0.5332279801368713,
    0.5148649215698242,
    0.5170285701751709,
    0.5044494867324829,
    0.5216650366783142,
    0.5037404894828796,
    0.5147253274917603,
    0.5329095721244812,
    0.5132317543029785,
    0.4922916889190674,
    0.5030943155288696,
    0.4971606135368347,
    0.5124090909957886,
    0.49777838587760925,
    0.501120924949646,
    0.499586284160614,
    0.5174567103385925,
    0.4894719421863556,
    0.47447848320007324,
    0.4871561527252197,
    0.5035984516143799,
    0.4914798140525818,
    0.48879295587539673,
    0.49618634581565857,
    0.49300456047058105,
    0.5093460083007812,
    0.493062824010849,
    0.4946572184562683,
    0.47933322191238403,
    0.4837983548641205,
    0.4827525019645691,
    0.4871508479118347,
    0.48106271028518677,
    0.4815191626548767,
    0.48430347442626953,
    0.48085466027259827,
    0.4675757884979248,
    0.4731445908546448,
    0.4978227913379669,
    0.46607983112335205,
    0.4760575294494629,
    0.4894082546234131,
    0.4552854299545288,
    0.46333047747612,
    0.5031383037567139,
    0.4725083112716675,
    0.47165149450302124,
    0.48713573813438416,
    0.47920018434524536,
    0.4663448929786682,
    0.4870608448982239,
    0.45453739166259766,
    0.47617727518081665,
    0.47848665714263916,
    0.47344812750816345,
    0.46931374073028564,
    0.4736824035644531,
    0.45744794607162476,
    0.4666178524494171,
    0.4630421996116638,
    0.46693527698516846,
    0.4647674560546875,
    0.46168053150177,
    0.46448472142219543,
    0.4620358645915985,
    0.4635641872882843,
    0.4646645486354828,
    0.4753057360649109,
    0.4621391296386719,
    0.46346646547317505,
    0.46049219369888306,
    0.4637352526187897,
    0.46580880880355835,
    0.45449501276016235,
    0.4708305597305298,
    0.4640776515007019,
    0.4699651598930359,
    0.47226858139038086,
    0.4635201692581177,
    0.45498666167259216,
    0.47483062744140625,
    0.468885213136673,
    0.46875450015068054,
    0.4656561017036438,
    0.47796741127967834,
    0.47017890214920044,
    0.4574492573738098
  ],
  "val_accuracy": [
    0.7475961538461539,
    0.7551923076923077,
    0.7584615384615384,
    0.7584134615384616,
    0.7625961538461539,
    0.7627403846153846,
    0.7664903846153847,
    0.7707211538461538,
    0.7761057692307692,
    0.7853846153846153,
    0.7972596153846154,
    0.7967307692307692,
    0.8011538461538461,
    0.8021634615384615,
    0.8053846153846154,
    0.8071634615384615,
    0.8036057692307692,
    0.8057692307692308,
    0.8070192307692308,
    0.8046634615384616,
    0.8042788461538461,
    0.8061538461538461,
    0.80625,
    0.808125,
    0.8100961538461539,
    0.8071153846153846,
    0.8071634615384615,
    0.8086538461538462,
    0.8096634615384616,
    0.8086538461538462,
    0.8109134615384616,
    0.8107211538461538,
    0.8110096153846154,
    0.8112019230769231,
    0.8136538461538462,
    0.8136057692307692,
    0.8109134615384616,
    0.8129326923076923,
    0.8145673076923077,
    0.8154326923076923,
    0.8129807692307692,
    0.8146153846153846,
    0.8148557692307692,
    0.8149519230769231,
    0.8141346153846154,
    0.816923076923077,
    0.8162980769230769,
    0.8177884615384615,
    0.8197596153846154,
    0.8183653846153847,
    0.8195673076923077,
    0.818701923076923,
    0.8193269230769231,
    0.8201923076923077,
    0.8215384615384616,
    0.8206730769230769,
    0.8215384615384616,
    0.8196634615384616,
    0.8197115384615384,
    0.8210576923076923,
    0.823173076923077,
    0.8229807692307692,
    0.8227403846153846,
    0.8194711538461539,
    0.8234615384615385,
    0.8222115384615385,
    0.8217307692307693,
    0.8238942307692307,
    0.8235096153846154,
    0.8242788461538462,
    0.8236538461538462,
    0.8244711538461539,
    0.8236538461538462,
    0.8245192307692307,
    0.8242307692307692,
    0.8221153846153846,
    0.8253846153846154,
    0.8219711538461538,
    0.8250480769230769,
    0.8236538461538462,
    0.825625,
    0.8239903846153847,
    0.8230288461538462,
    0.8258173076923077,
    0.8235096153846154,
    0.82375,
    0.8239903846153847,
    0.8244230769230769,
    0.8232211538461538,
    0.8257211538461539,
    0.8229326923076923,
    0.8241826923076923,
    0.8246153846153846,
    0.82375,
    0.8248557692307692,
    0.8238461538461539,
    0.8244711538461539,
    0.8256730769230769,
    0.8254326923076923,
    0.8230288461538462
  ]
}