{
  "epoch": [
    1000,
    2000,
    3000,
    4000,
    5000,
    6000,
    7000,
    8000,
    9000,
    10000,
    11000,
    12000,
    13000,
    14000,
    15000,
    16000,
    17000,
    18000,
    19000,
    20000,
    21000,
    22000,
    23000,
    24000,
    25000,
    26000,
    27000,
    28000,
    29000,
    30000,
    31000,
    32000,
    33000,
    34000,
    35000,
    36000,
    37000,
    38000,
    39000,
    40000,
    41000,
    42000,
    43000,
    44000,
    45000,
    46000,
    47000,
    48000,
    49000,
    50000,
    51000,
    52000,
    53000,
    54000,
    55000,
    56000,
    57000,
    58000,
    59000,
    60000,
    61000,
    62000,
    63000,
    64000,
    65000,
    66000,
    67000,
    68000,
    69000,
    70000,
    71000,
    72000,
    73000,
    74000,
    75000,
    76000,
    77000,
    78000,
    79000,
    80000,
    81000,
    82000,
    83000,
    84000,
    85000,
    86000,
    87000,
    88000,
    89000,
    90000,
    91000,
    92000,
    93000,
    94000,
    95000,
    96000,
    97000,
    98000,
    99000,
    100000
  ],
  "train_loss": [
    0.7106877565383911,
    0.6758089065551758,
    0.6116361618041992,
    0.624099612236023,
    0.576982319355011,
    0.5046682357788086,
    0.47549039125442505,
    0.49862247705459595,
    0.4657176434993744,
    0.46324896812438965,
    0.45195871591567993,
    0.4529639184474945,
    0.46522894501686096,
    0.4499315023422241,
    0.4359242618083954,
    0.44858109951019287,
    0.4429225027561188,
    0.4400341510772705,
    0.4415503442287445,
    0.44505733251571655,
    0.45321670174598694,
    0.4439293444156647,
    0.44075673818588257,
    0.442218542098999,
    0.4433751404285431,
    0.4343166649341583,
    0.4363468289375305,
    0.4372885227203369,
    0.44020551443099976,
    0.4405503571033478,
    0.4413309097290039,
    0.45511913299560547,
    0.4420499801635742,
    0.4325128197669983,
    0.4385153651237488,
    0.4615689516067505,
    0.44137126207351685,
    0.42843735218048096,
    0.44549351930618286,
    0.4350929260253906,
    0.4326699674129486,
    0.44561511278152466,
    0.4321446716785431,
    0.43009889125823975,
    0.4379260241985321,
    0.4325765073299408,
    0.4333592653274536,
    0.4299761652946472,
    0.43765535950660706,
    0.4395248293876648,
    0.4371398091316223,
    0.43899667263031006,
    0.4353456199169159,
    0.43190425634384155,
    0.4358672499656677,
    0.4378579556941986,
    0.432401180267334,
    0.4381502568721771,
    0.44489532709121704,
    0.43912965059280396,
    0.43525367975234985,
    0.43578433990478516,
    0.45156535506248474,
    0.43603670597076416,
    0.4304649531841278,
    0.42845749855041504,
    0.4385107159614563,
    0.4352123737335205,
    0.4366994798183441,
    0.43428054451942444,
    0.43760791420936584,
    0.43623435497283936,
    0.44032299518585205,
    0.4344446063041687,
    0.4358331859111786,
    0.4368676543235779,
    0.4353570342063904,
    0.43713438510894775,
    0.4351308345794678,
    0.43628227710723877,
    0.4441182613372803,
    0.4353773295879364,
    0.4371072053909302,
    0.43097829818725586,
    0.4385383129119873,
    0.4306020140647888,
    0.4289439618587494,
    0.42814937233924866,
    0.4394085705280304,
    0.43464940786361694,
    0.4405978322029114,
    0.42965203523635864,
    0.4334564208984375,
    0.42938297986984253,
    0.4347161054611206,
    0.43278124928474426,
    0.42748895287513733,
    0.4374310076236725,
    0.4357590675354004,
    0.4347054958343506
  ],
  "val_accuracy": [
    0.725390625,
    0.73125,
    0.7563802083333333,
    0.7582682291666667,
    0.7805338541666667,
    0.808984375,
    0.8046223958333333,
    0.8115885416666667,
    0.8189453125,
    0.8251302083333333,
    0.81953125,
    0.8220703125,
    0.821875,
    0.820703125,
    0.8265625,
    0.8242838541666667,
    0.8264322916666667,
    0.8264322916666667,
    0.8249348958333333,
    0.8244140625,
    0.8265625,
    0.8242838541666667,
    0.82578125,
    0.8259765625,
    0.8268880208333333,
    0.825,
    0.8287109375,
    0.8244791666666667,
    0.8258463541666666,
    0.8248046875,
    0.8271484375,
    0.8268229166666666,
    0.8291666666666667,
    0.8261067708333333,
    0.8247395833333333,
    0.8233072916666667,
    0.8259765625,
    0.8267578125,
    0.8268229166666666,
    0.8287109375,
    0.8252604166666667,
    0.8276692708333333,
    0.8266927083333333,
    0.829296875,
    0.8268229166666666,
    0.8248046875,
    0.8251953125,
    0.8272786458333333,
    0.8233072916666667,
    0.8276692708333333,
    0.8260416666666667,
    0.8261067708333333,
    0.8253255208333333,
    0.826953125,
    0.8272135416666667,
    0.8258463541666666,
    0.8247395833333333,
    0.8286458333333333,
    0.8253255208333333,
    0.8256510416666667,
    0.82578125,
    0.82578125,
    0.8266276041666667,
    0.8254557291666667,
    0.8270182291666667,
    0.8271484375,
    0.8253255208333333,
    0.823046875,
    0.8261067708333333,
    0.8259765625,
    0.824609375,
    0.8248046875,
    0.8262369791666667,
    0.823828125,
    0.8262369791666667,
    0.8251953125,
    0.8272786458333333,
    0.8256510416666667,
    0.8235677083333334,
    0.8242838541666667,
    0.8278645833333333,
    0.8247395833333333,
    0.8249348958333333,
    0.8235026041666667,
    0.8231770833333333,
    0.8240234375,
    0.8251302083333333,
    0.8250651041666667,
    0.8260416666666667,
    0.8266927083333333,
    0.8233723958333333,
    0.8240885416666667,
    0.823828125,
    0.8225911458333334,
    0.8252604166666667,
    0.8251953125,
    0.8255208333333334,
    0.8244140625,
    0.8225260416666667,
    0.8245442708333334
  ]
}