{
  "epoch": [
    1000,
    2000,
    3000,
    4000,
    5000,
    6000,
    7000,
    8000,
    9000,
    10000,
    11000,
    12000,
    13000,
    14000,
    15000,
    16000,
    17000,
    18000,
    19000,
    20000,
    21000,
    22000,
    23000,
    24000,
    25000,
    26000,
    27000,
    28000,
    29000,
    30000,
    31000,
    32000,
    33000,
    34000,
    35000,
    36000,
    37000,
    38000,
    39000,
    40000,
    41000,
    42000,
    43000,
    44000,
    45000,
    46000,
    47000,
    48000,
    49000,
    50000,
    51000,
    52000,
    53000,
    54000,
    55000,
    56000,
    57000,
    58000,
    59000,
    60000,
    61000,
    62000,
    63000,
    64000,
    65000,
    66000,
    67000,
    68000,
    69000,
    70000,
    71000,
    72000,
    73000,
    74000,
    75000,
    76000,
    77000,
    78000,
    79000,
    80000,
    81000,
    82000,
    83000,
    84000,
    85000,
    86000,
    87000,
    88000,
    89000,
    90000,
    91000,
    92000,
    93000,
    94000,
    95000,
    96000,
    97000,
    98000,
    99000,
    100000
  ],
  "train_loss": [
    0.7005303502082825,
    0.7070862054824829,
    0.6143133640289307,
    0.6059062480926514,
    0.583614706993103,
    0.5619820356369019,
    0.4895836412906647,
    0.4526733160018921,
    0.4799954891204834,
    0.4489346742630005,
    0.45007824897766113,
    0.4445682168006897,
    0.460643470287323,
    0.4513559937477112,
    0.4379580616950989,
    0.4401572048664093,
    0.43808603286743164,
    0.44037458300590515,
    0.4507018029689789,
    0.44495275616645813,
    0.4422817826271057,
    0.4364602863788605,
    0.4371793568134308,
    0.4382178485393524,
    0.4396000802516937,
    0.42752814292907715,
    0.42908841371536255,
    0.4356954097747803,
    0.4369507133960724,
    0.433745801448822,
    0.45477747917175293,
    0.44117236137390137,
    0.4397816061973572,
    0.4367161989212036,
    0.44462960958480835,
    0.43589693307876587,
    0.4368025064468384,
    0.4304901361465454,
    0.43734443187713623,
    0.43810325860977173,
    0.4380587935447693,
    0.43566709756851196,
    0.43240076303482056,
    0.4371982216835022,
    0.4372761845588684,
    0.4433256983757019,
    0.44407641887664795,
    0.4355546832084656,
    0.4377993941307068,
    0.439797967672348,
    0.43285536766052246,
    0.4369446337223053,
    0.4354952573776245,
    0.44037243723869324,
    0.4241195023059845,
    0.43750590085983276,
    0.43804931640625,
    0.43379124999046326,
    0.434789776802063,
    0.4449711740016937,
    0.43258482217788696,
    0.4374909996986389,
    0.43556782603263855,
    0.4353763163089752,
    0.4323697090148926,
    0.43438422679901123,
    0.4294668734073639,
    0.4297894239425659,
    0.4427999258041382,
    0.43479764461517334,
    0.42556482553482056,
    0.43718671798706055,
    0.43693894147872925,
    0.441784530878067,
    0.43089383840560913,
    0.4358578324317932,
    0.43870583176612854,
    0.43717503547668457,
    0.4366200268268585,
    0.431591659784317,
    0.4314965009689331,
    0.43450498580932617,
    0.438141405582428,
    0.4377354085445404,
    0.43650251626968384,
    0.4353794455528259,
    0.43436193466186523,
    0.43551743030548096,
    0.42957359552383423,
    0.43581676483154297,
    0.4430866837501526,
    0.43499720096588135,
    0.43589168787002563,
    0.43462711572647095,
    0.4274749755859375,
    0.43702012300491333,
    0.4360581636428833,
    0.43444278836250305,
    0.4386135935783386,
    0.4324833154678345
  ],
  "val_accuracy": [
    0.7271484375,
    0.7291015625,
    0.7580078125,
    0.7654947916666667,
    0.77421875,
    0.7912109375,
    0.8127604166666667,
    0.8215494791666667,
    0.8206380208333334,
    0.8223958333333333,
    0.8245442708333334,
    0.8239583333333333,
    0.8252604166666667,
    0.8194661458333333,
    0.8270833333333333,
    0.8270182291666667,
    0.8274739583333334,
    0.8266276041666667,
    0.8244791666666667,
    0.8271484375,
    0.8293619791666667,
    0.828125,
    0.8268880208333333,
    0.8249348958333333,
    0.8278645833333333,
    0.8277994791666666,
    0.8285807291666667,
    0.8270833333333333,
    0.8275390625,
    0.8267578125,
    0.8274739583333334,
    0.8276041666666667,
    0.8275390625,
    0.8263020833333333,
    0.8277994791666666,
    0.828515625,
    0.8266927083333333,
    0.8265625,
    0.8287760416666666,
    0.828125,
    0.8262369791666667,
    0.8259765625,
    0.8284505208333334,
    0.8280598958333333,
    0.8267578125,
    0.8252604166666667,
    0.8271484375,
    0.8300130208333333,
    0.8265625,
    0.8277994791666666,
    0.8264322916666667,
    0.8275390625,
    0.8262369791666667,
    0.8287760416666666,
    0.8272786458333333,
    0.8270833333333333,
    0.826171875,
    0.8270833333333333,
    0.8270182291666667,
    0.8283203125,
    0.8274739583333334,
    0.8255208333333334,
    0.8274739583333334,
    0.8263020833333333,
    0.8263020833333333,
    0.8281901041666667,
    0.8278645833333333,
    0.8274739583333334,
    0.8250651041666667,
    0.8270182291666667,
    0.8272135416666667,
    0.8266276041666667,
    0.8256510416666667,
    0.8285807291666667,
    0.8263020833333333,
    0.8259114583333333,
    0.828125,
    0.8276692708333333,
    0.82578125,
    0.8263020833333333,
    0.8264322916666667,
    0.8252604166666667,
    0.8267578125,
    0.8268229166666666,
    0.8267578125,
    0.8235026041666667,
    0.8252604166666667,
    0.8263671875,
    0.8259765625,
    0.826953125,
    0.825,
    0.82578125,
    0.826171875,
    0.8276692708333333,
    0.8249348958333333,
    0.8255859375,
    0.825390625,
    0.8276041666666667,
    0.8263671875,
    0.8267578125
  ]
}