{
  "epoch": [
    1000,
    2000,
    3000,
    4000,
    5000,
    6000,
    7000,
    8000,
    9000,
    10000,
    11000,
    12000,
    13000,
    14000,
    15000,
    16000,
    17000,
    18000,
    19000,
    20000,
    21000,
    22000,
    23000,
    24000,
    25000,
    26000,
    27000,
    28000,
    29000,
    30000,
    31000,
    32000,
    33000,
    34000,
    35000,
    36000,
    37000,
    38000,
    39000,
    40000,
    41000,
    42000,
    43000,
    44000,
    45000,
    46000,
    47000,
    48000,
    49000,
    50000,
    51000,
    52000,
    53000,
    54000,
    55000,
    56000,
    57000,
    58000,
    59000,
    60000,
    61000,
    62000,
    63000,
    64000,
    65000,
    66000,
    67000,
    68000,
    69000,
    70000,
    71000,
    72000,
    73000,
    74000,
    75000,
    76000,
    77000,
    78000,
    79000,
    80000,
    81000,
    82000,
    83000,
    84000,
    85000,
    86000,
    87000,
    88000,
    89000,
    90000,
    91000,
    92000,
    93000,
    94000,
    95000,
    96000,
    97000,
    98000,
    99000,
    100000
  ],
  "train_loss": [
    0.7349360585212708,
    0.6634527444839478,
    0.5865719318389893,
    0.5516961812973022,
    0.5383607149124146,
    0.5015766620635986,
    0.49760979413986206,
    0.5078544616699219,
    0.5245487093925476,
    0.5017281770706177,
    0.5020174980163574,
    0.48144882917404175,
    0.4939989447593689,
    0.4684681296348572,
    0.4810217618942261,
    0.4779343903064728,
    0.47157222032546997,
    0.47683167457580566,
    0.4711720943450928,
    0.4780966639518738,
    0.48068171739578247,
    0.45857810974121094,
    0.4848480224609375,
    0.467740535736084,
    0.4705343544483185,
    0.4727378189563751,
    0.4677523970603943,
    0.46947357058525085,
    0.5046616792678833,
    0.47155138850212097,
    0.46381431818008423,
    0.4706318974494934,
    0.4611503481864929,
    0.4827490448951721,
    0.4777894914150238,
    0.4709722697734833,
    0.4544582664966583,
    0.4601159989833832,
    0.4710919260978699,
    0.4513382315635681,
    0.46579229831695557,
    0.4792267084121704,
    0.4584048092365265,
    0.4659615755081177,
    0.47230374813079834,
    0.46024438738822937,
    0.4553486704826355,
    0.4681321382522583,
    0.46073031425476074,
    0.45619815587997437,
    0.46140676736831665,
    0.4591631293296814,
    0.46734148263931274,
    0.46210068464279175,
    0.45544636249542236,
    0.4700261652469635,
    0.4773731827735901,
    0.4769003689289093,
    0.46398165822029114,
    0.4560931324958801,
    0.4594420790672302,
    0.45596134662628174,
    0.4703077971935272,
    0.44905567169189453,
    0.45620566606521606,
    0.4675097167491913,
    0.4584093689918518,
    0.45286232233047485,
    0.4635148346424103,
    0.46263986825942993,
    0.4668032228946686,
    0.4587342143058777,
    0.4613134264945984,
    0.45462703704833984,
    0.45825618505477905,
    0.4549517333507538,
    0.4577327370643616,
    0.4633142948150635,
    0.4648323357105255,
    0.46336889266967773,
    0.4599541425704956,
    0.46013158559799194,
    0.46313583850860596,
    0.45896339416503906,
    0.460776150226593,
    0.4523577094078064,
    0.46365511417388916,
    0.4677225351333618,
    0.46091127395629883,
    0.45338577032089233,
    0.465536892414093,
    0.4555894732475281,
    0.4695501923561096,
    0.4558814465999603,
    0.451522558927536,
    0.4607198238372803,
    0.45367321372032166,
    0.45797622203826904,
    0.4612007141113281,
    0.48308226466178894
  ],
  "val_accuracy": [
    0.7329326923076923,
    0.7595192307692308,
    0.7778846153846154,
    0.7922115384615385,
    0.8069711538461538,
    0.8093269230769231,
    0.809375,
    0.8122596153846153,
    0.8124038461538462,
    0.8162980769230769,
    0.8178846153846154,
    0.8179326923076923,
    0.8196634615384616,
    0.8187980769230769,
    0.8210096153846154,
    0.8194711538461539,
    0.822451923076923,
    0.8191826923076924,
    0.8212019230769231,
    0.8205288461538461,
    0.8187980769230769,
    0.8225961538461538,
    0.8224038461538462,
    0.822548076923077,
    0.8229807692307692,
    0.8230288461538462,
    0.8249519230769231,
    0.8236538461538462,
    0.823125,
    0.8212980769230769,
    0.8238942307692307,
    0.8234134615384615,
    0.8260096153846154,
    0.8241346153846154,
    0.8232692307692308,
    0.8236057692307692,
    0.8247115384615384,
    0.8244711538461539,
    0.8241826923076923,
    0.8261538461538461,
    0.823701923076923,
    0.8253365384615384,
    0.8259615384615384,
    0.8244711538461539,
    0.8235096153846154,
    0.8246153846153846,
    0.8236057692307692,
    0.8238942307692307,
    0.8245673076923077,
    0.8239423076923077,
    0.8244230769230769,
    0.8241346153846154,
    0.8256730769230769,
    0.8248557692307692,
    0.8258653846153846,
    0.825,
    0.8242788461538462,
    0.8252403846153846,
    0.8238942307692307,
    0.8245673076923077,
    0.825625,
    0.823701923076923,
    0.8246634615384615,
    0.8245673076923077,
    0.8254326923076923,
    0.8268269230769231,
    0.8254807692307692,
    0.8245192307692307,
    0.8253846153846154,
    0.8257692307692308,
    0.8258653846153846,
    0.8262019230769231,
    0.8261538461538461,
    0.8256730769230769,
    0.8258173076923077,
    0.8270192307692308,
    0.8265865384615385,
    0.8260096153846154,
    0.8253365384615384,
    0.8268269230769231,
    0.8264423076923076,
    0.8265384615384616,
    0.8263942307692308,
    0.8270673076923077,
    0.8255288461538461,
    0.8265865384615385,
    0.8260096153846154,
    0.8259134615384616,
    0.8258653846153846,
    0.8254807692307692,
    0.8243269230769231,
    0.8254807692307692,
    0.8255288461538461,
    0.8265865384615385,
    0.825625,
    0.8247596153846154,
    0.8269230769230769,
    0.8264423076923076,
    0.8253846153846154,
    0.8257211538461539
  ]
}