{
  "epoch": [
    1000,
    2000,
    3000,
    4000,
    5000,
    6000,
    7000,
    8000,
    9000,
    10000,
    11000,
    12000,
    13000,
    14000,
    15000,
    16000,
    17000,
    18000,
    19000,
    20000,
    21000,
    22000,
    23000,
    24000,
    25000,
    26000,
    27000,
    28000,
    29000,
    30000,
    31000,
    32000,
    33000,
    34000,
    35000,
    36000,
    37000,
    38000,
    39000,
    40000,
    41000,
    42000,
    43000,
    44000,
    45000,
    46000,
    47000,
    48000,
    49000,
    50000,
    51000,
    52000,
    53000,
    54000,
    55000,
    56000,
    57000,
    58000,
    59000,
    60000,
    61000,
    62000,
    63000,
    64000,
    65000,
    66000,
    67000,
    68000,
    69000,
    70000,
    71000,
    72000,
    73000,
    74000,
    75000,
    76000,
    77000,
    78000,
    79000,
    80000,
    81000,
    82000,
    83000,
    84000,
    85000,
    86000,
    87000,
    88000,
    89000,
    90000,
    91000,
    92000,
    93000,
    94000,
    95000,
    96000,
    97000,
    98000,
    99000,
    100000
  ],
  "train_loss": [
    0.7352697253227234,
    0.6910839080810547,
    0.6590049266815186,
    0.5623010396957397,
    0.5273853540420532,
    0.5055180788040161,
    0.47633203864097595,
    0.4967708885669708,
    0.47702765464782715,
    0.4951882064342499,
    0.4720645546913147,
    0.5007622241973877,
    0.47745996713638306,
    0.45439791679382324,
    0.464957594871521,
    0.46114349365234375,
    0.4847652316093445,
    0.4638420343399048,
    0.4799031615257263,
    0.45871633291244507,
    0.4789785146713257,
    0.46926793456077576,
    0.47777217626571655,
    0.45487546920776367,
    0.461241751909256,
    0.4547298848628998,
    0.478221595287323,
    0.4536914825439453,
    0.46761760115623474,
    0.4574581980705261,
    0.4529065787792206,
    0.44472944736480713,
    0.4580729901790619,
    0.45712852478027344,
    0.47825387120246887,
    0.46526819467544556,
    0.462912380695343,
    0.4781232476234436,
    0.48109695315361023,
    0.48917949199676514,
    0.45741161704063416,
    0.4515889286994934,
    0.4685349464416504,
    0.4715021550655365,
    0.46102550625801086,
    0.46252137422561646,
    0.4534864127635956,
    0.4588993787765503,
    0.4540168046951294,
    0.4587650001049042,
    0.46692055463790894,
    0.4564235508441925,
    0.45123183727264404,
    0.445970356464386,
    0.4531409740447998,
    0.4505898058414459,
    0.45487886667251587,
    0.46391767263412476,
    0.4770667552947998,
    0.4678333103656769,
    0.45838242769241333,
    0.45911240577697754,
    0.46469569206237793,
    0.48336246609687805,
    0.45816415548324585,
    0.46170473098754883,
    0.456119567155838,
    0.46072831749916077,
    0.45579031109809875,
    0.45309820771217346,
    0.46644002199172974,
    0.4601729214191437,
    0.44218820333480835,
    0.44684064388275146,
    0.4540752172470093,
    0.45527178049087524,
    0.4665612280368805,
    0.4531254172325134,
    0.47061312198638916,
    0.4543551206588745,
    0.4634648561477661,
    0.4595433473587036,
    0.4643701910972595,
    0.45570266246795654,
    0.4570542573928833,
    0.45060890913009644,
    0.45609650015830994,
    0.4583200514316559,
    0.4541743993759155,
    0.47103872895240784,
    0.45836806297302246,
    0.46323251724243164,
    0.45294082164764404,
    0.4580106735229492,
    0.459441602230072,
    0.4537280797958374,
    0.4656831622123718,
    0.45537060499191284,
    0.464294970035553,
    0.45549070835113525
  ],
  "val_accuracy": [
    0.7302403846153847,
    0.7462019230769231,
    0.7572115384615384,
    0.7835576923076923,
    0.8064423076923077,
    0.8179807692307692,
    0.8198557692307692,
    0.8223557692307693,
    0.8245673076923077,
    0.8232211538461538,
    0.8269711538461538,
    0.825625,
    0.8273076923076923,
    0.8270192307692308,
    0.8257211538461539,
    0.8285096153846154,
    0.826875,
    0.8258173076923077,
    0.8286057692307692,
    0.8263942307692308,
    0.827548076923077,
    0.828125,
    0.8250480769230769,
    0.8283173076923077,
    0.8282211538461538,
    0.8292788461538462,
    0.8291826923076923,
    0.8290865384615385,
    0.827548076923077,
    0.828701923076923,
    0.8275961538461538,
    0.8283653846153847,
    0.8296634615384615,
    0.8292788461538462,
    0.8286057692307692,
    0.8298557692307692,
    0.8301442307692307,
    0.8291346153846154,
    0.8289903846153847,
    0.8292788461538462,
    0.8289903846153847,
    0.8296634615384615,
    0.8292788461538462,
    0.8299038461538462,
    0.8297596153846154,
    0.8300961538461539,
    0.8293269230769231,
    0.8297596153846154,
    0.8286538461538462,
    0.8290384615384615,
    0.8314423076923076,
    0.8288461538461539,
    0.8294230769230769,
    0.8292788461538462,
    0.828701923076923,
    0.8299038461538462,
    0.8297115384615384,
    0.8286057692307692,
    0.8295673076923077,
    0.8286538461538462,
    0.8291826923076923,
    0.8288461538461539,
    0.8301923076923077,
    0.8284134615384615,
    0.8290865384615385,
    0.828076923076923,
    0.8294711538461539,
    0.8301923076923077,
    0.8290865384615385,
    0.828701923076923,
    0.8292307692307692,
    0.8294711538461539,
    0.8291826923076923,
    0.8304326923076923,
    0.8297115384615384,
    0.8300961538461539,
    0.8292788461538462,
    0.829375,
    0.8291346153846154,
    0.8308173076923077,
    0.8291346153846154,
    0.8289423076923077,
    0.8286057692307692,
    0.8294711538461539,
    0.8292307692307692,
    0.8289423076923077,
    0.8305769230769231,
    0.8290384615384615,
    0.8298557692307692,
    0.8300961538461539,
    0.8308173076923077,
    0.8289903846153847,
    0.8293269230769231,
    0.8296634615384615,
    0.8299038461538462,
    0.8304807692307692,
    0.8295673076923077,
    0.828125,
    0.8293269230769231,
    0.8298557692307692
  ]
}