{
  "epoch": [
    1000,
    2000,
    3000,
    4000,
    5000,
    6000,
    7000,
    8000,
    9000,
    10000,
    11000,
    12000,
    13000,
    14000,
    15000,
    16000,
    17000,
    18000,
    19000,
    20000,
    21000,
    22000,
    23000,
    24000,
    25000,
    26000,
    27000,
    28000,
    29000,
    30000,
    31000,
    32000,
    33000,
    34000,
    35000,
    36000,
    37000,
    38000,
    39000,
    40000,
    41000,
    42000,
    43000,
    44000,
    45000,
    46000,
    47000,
    48000,
    49000,
    50000,
    51000,
    52000,
    53000,
    54000,
    55000,
    56000,
    57000,
    58000,
    59000,
    60000,
    61000,
    62000,
    63000,
    64000,
    65000,
    66000,
    67000,
    68000,
    69000,
    70000,
    71000,
    72000,
    73000,
    74000,
    75000,
    76000,
    77000,
    78000,
    79000,
    80000,
    81000,
    82000,
    83000,
    84000,
    85000,
    86000,
    87000,
    88000,
    89000,
    90000,
    91000,
    92000,
    93000,
    94000,
    95000,
    96000,
    97000,
    98000,
    99000,
    100000
  ],
  "train_loss": [
    0.7109619379043579,
    0.6914373636245728,
    0.6357191205024719,
    0.617285966873169,
    0.605312705039978,
    0.5882765650749207,
    0.5840781927108765,
    0.5411907434463501,
    0.4980827271938324,
    0.5014050006866455,
    0.5000625252723694,
    0.4801936447620392,
    0.47408759593963623,
    0.46169954538345337,
    0.4648500680923462,
    0.47367924451828003,
    0.44704777002334595,
    0.4581855833530426,
    0.44925957918167114,
    0.4524478614330292,
    0.452618271112442,
    0.45802128314971924,
    0.45484426617622375,
    0.4578668773174286,
    0.4617573618888855,
    0.46563127636909485,
    0.4533593952655792,
    0.4459157884120941,
    0.4630495309829712,
    0.4352433979511261,
    0.4397631585597992,
    0.44716042280197144,
    0.4385877847671509,
    0.44185519218444824,
    0.4366263449192047,
    0.4385616183280945,
    0.4564850330352783,
    0.44423410296440125,
    0.44481518864631653,
    0.44582536816596985,
    0.4335419535636902,
    0.4472697973251343,
    0.4391361176967621,
    0.44984936714172363,
    0.44543761014938354,
    0.4436209201812744,
    0.43462562561035156,
    0.43647652864456177,
    0.4454928934574127,
    0.44773727655410767,
    0.4363960921764374,
    0.44185584783554077,
    0.44787469506263733,
    0.43863826990127563,
    0.43730705976486206,
    0.4366973638534546,
    0.43528005480766296,
    0.4414963722229004,
    0.44997674226760864,
    0.43909120559692383,
    0.4445742964744568,
    0.44240331649780273,
    0.4411103427410126,
    0.43667179346084595,
    0.4517735242843628,
    0.44808322191238403,
    0.4324576258659363,
    0.43777036666870117,
    0.46715012192726135,
    0.43639427423477173,
    0.4360584318637848,
    0.43112003803253174,
    0.4395144581794739,
    0.4319390654563904,
    0.44919103384017944,
    0.43044888973236084,
    0.442416787147522,
    0.4351257085800171,
    0.4283192753791809,
    0.4352317452430725,
    0.44449424743652344,
    0.4394627809524536,
    0.43263328075408936,
    0.44186702370643616,
    0.44429466128349304,
    0.4367828667163849,
    0.43831461668014526,
    0.4412969946861267,
    0.4355960488319397,
    0.4374595880508423,
    0.433656245470047,
    0.4561667740345001,
    0.43503329157829285,
    0.4370204210281372,
    0.4311619997024536,
    0.43725842237472534,
    0.443874716758728,
    0.4456835091114044,
    0.4335005581378937,
    0.4314993619918823
  ],
  "val_accuracy": [
    0.7249348958333334,
    0.7266276041666667,
    0.7504557291666667,
    0.7584635416666666,
    0.7635416666666667,
    0.7704427083333333,
    0.7753255208333333,
    0.7991536458333334,
    0.801953125,
    0.7994140625,
    0.8100260416666667,
    0.8139973958333333,
    0.8156901041666667,
    0.8146484375,
    0.8134765625,
    0.8145833333333333,
    0.8162760416666667,
    0.8138671875,
    0.815625,
    0.81953125,
    0.8227864583333333,
    0.8147786458333334,
    0.8208333333333333,
    0.8195963541666667,
    0.8194010416666667,
    0.8218098958333333,
    0.82109375,
    0.8227864583333333,
    0.8162109375,
    0.82265625,
    0.825390625,
    0.8242838541666667,
    0.8208984375,
    0.8207682291666667,
    0.8244140625,
    0.82265625,
    0.8228515625,
    0.8214192708333333,
    0.8229166666666666,
    0.8234375,
    0.8251953125,
    0.8253255208333333,
    0.8223958333333333,
    0.819921875,
    0.8242838541666667,
    0.825390625,
    0.8240234375,
    0.8234375,
    0.8227213541666667,
    0.8233723958333333,
    0.82578125,
    0.8242838541666667,
    0.8235677083333334,
    0.8240234375,
    0.8261067708333333,
    0.8253255208333333,
    0.8237630208333333,
    0.8253255208333333,
    0.8262369791666667,
    0.826171875,
    0.8257161458333333,
    0.8252604166666667,
    0.8250651041666667,
    0.8245442708333334,
    0.8220703125,
    0.8222005208333333,
    0.8255859375,
    0.8248046875,
    0.8227864583333333,
    0.8270833333333333,
    0.8236328125,
    0.8260416666666667,
    0.8237630208333333,
    0.8263020833333333,
    0.8249348958333333,
    0.823046875,
    0.8237630208333333,
    0.8225260416666667,
    0.8255208333333334,
    0.8260416666666667,
    0.8278645833333333,
    0.8246744791666667,
    0.8259765625,
    0.8240234375,
    0.8232421875,
    0.8252604166666667,
    0.8221354166666667,
    0.825390625,
    0.8274739583333334,
    0.8253255208333333,
    0.8245442708333334,
    0.8254557291666667,
    0.8259114583333333,
    0.8236979166666667,
    0.8265625,
    0.8233072916666667,
    0.8229817708333333,
    0.8246744791666667,
    0.8248697916666666,
    0.8272786458333333
  ]
}