{
  "epoch": [
    1000,
    2000,
    3000,
    4000,
    5000,
    6000,
    7000,
    8000,
    9000,
    10000,
    11000,
    12000,
    13000,
    14000,
    15000,
    16000,
    17000,
    18000,
    19000,
    20000,
    21000,
    22000,
    23000,
    24000,
    25000,
    26000,
    27000,
    28000,
    29000,
    30000,
    31000,
    32000,
    33000,
    34000,
    35000,
    36000,
    37000,
    38000,
    39000,
    40000,
    41000,
    42000,
    43000,
    44000,
    45000,
    46000,
    47000,
    48000,
    49000,
    50000,
    51000,
    52000,
    53000,
    54000,
    55000,
    56000,
    57000,
    58000,
    59000,
    60000,
    61000,
    62000,
    63000,
    64000,
    65000,
    66000,
    67000,
    68000,
    69000,
    70000,
    71000,
    72000,
    73000,
    74000,
    75000,
    76000,
    77000,
    78000,
    79000,
    80000,
    81000,
    82000,
    83000,
    84000,
    85000,
    86000,
    87000,
    88000,
    89000,
    90000,
    91000,
    92000,
    93000,
    94000,
    95000,
    96000,
    97000,
    98000,
    99000,
    100000
  ],
  "train_loss": [
    0.7019650936126709,
    0.6546682715415955,
    0.6073099374771118,
    0.5453388690948486,
    0.48023873567581177,
    0.46618837118148804,
    0.46854138374328613,
    0.4615922272205353,
    0.43919670581817627,
    0.4769163727760315,
    0.4650566577911377,
    0.43851783871650696,
    0.43872612714767456,
    0.43508848547935486,
    0.4422256052494049,
    0.44283169507980347,
    0.4389033913612366,
    0.4531552493572235,
    0.4392111301422119,
    0.43813493847846985,
    0.46361541748046875,
    0.4380519986152649,
    0.4394344091415405,
    0.4366064965724945,
    0.43710607290267944,
    0.43576884269714355,
    0.4434437155723572,
    0.4343068301677704,
    0.4384137988090515,
    0.43553006649017334,
    0.4306604564189911,
    0.43663161993026733,
    0.43969064950942993,
    0.43293496966362,
    0.42577868700027466,
    0.441293329000473,
    0.4370189309120178,
    0.4339945912361145,
    0.4516444206237793,
    0.43856173753738403,
    0.43274039030075073,
    0.4353097379207611,
    0.43125489354133606,
    0.4382542073726654,
    0.4357110857963562,
    0.42569637298583984,
    0.4310030937194824,
    0.4382278025150299,
    0.4403970241546631,
    0.4363064765930176,
    0.4370516538619995,
    0.43862736225128174,
    0.43654078245162964,
    0.43786439299583435,
    0.4326319396495819,
    0.42984670400619507,
    0.4352759122848511,
    0.43641483783721924,
    0.44112133979797363,
    0.4306548535823822,
    0.43281102180480957,
    0.43621909618377686,
    0.4327329099178314,
    0.43094855546951294,
    0.42903071641921997,
    0.4374436140060425,
    0.4338364899158478,
    0.43661653995513916,
    0.4379369020462036,
    0.4364011883735657,
    0.43417638540267944,
    0.4417318105697632,
    0.4313315749168396,
    0.4259679317474365,
    0.4381294250488281,
    0.42947420477867126,
    0.43693211674690247,
    0.43041062355041504,
    0.43538013100624084,
    0.43841227889060974,
    0.4298292398452759,
    0.4345298111438751,
    0.431734561920166,
    0.4370286762714386,
    0.430830180644989,
    0.4342752993106842,
    0.4337379038333893,
    0.4265478551387787,
    0.44850337505340576,
    0.43454694747924805,
    0.4347853362560272,
    0.43862366676330566,
    0.43568140268325806,
    0.4328848421573639,
    0.4276159703731537,
    0.4324714243412018,
    0.42514514923095703,
    0.43519127368927,
    0.4351399838924408,
    0.43376946449279785
  ],
  "val_accuracy": [
    0.7252604166666666,
    0.7444661458333334,
    0.7589192708333333,
    0.7796875,
    0.8186197916666667,
    0.8154296875,
    0.8223958333333333,
    0.8208984375,
    0.8233072916666667,
    0.8160807291666666,
    0.8240885416666667,
    0.8229817708333333,
    0.8255208333333334,
    0.8283854166666667,
    0.8294270833333334,
    0.8292317708333333,
    0.8284505208333334,
    0.8251302083333333,
    0.8268229166666666,
    0.8276692708333333,
    0.8282552083333333,
    0.830078125,
    0.8272135416666667,
    0.8263020833333333,
    0.8260416666666667,
    0.8278645833333333,
    0.8299479166666667,
    0.8282552083333333,
    0.8272786458333333,
    0.8270182291666667,
    0.830859375,
    0.8275390625,
    0.826953125,
    0.8271484375,
    0.8284505208333334,
    0.8282552083333333,
    0.8302083333333333,
    0.8264322916666667,
    0.828125,
    0.8266927083333333,
    0.828515625,
    0.8264973958333334,
    0.8264322916666667,
    0.8259114583333333,
    0.8268229166666666,
    0.8281901041666667,
    0.827734375,
    0.8276041666666667,
    0.827734375,
    0.8277994791666666,
    0.826171875,
    0.8279947916666667,
    0.8256510416666667,
    0.8248046875,
    0.8285807291666667,
    0.8264322916666667,
    0.8274739583333334,
    0.8260416666666667,
    0.8255208333333334,
    0.8266927083333333,
    0.8259765625,
    0.82734375,
    0.8257161458333333,
    0.827734375,
    0.8268880208333333,
    0.8274088541666667,
    0.82578125,
    0.8255208333333334,
    0.82734375,
    0.8271484375,
    0.8245442708333334,
    0.8254557291666667,
    0.8264973958333334,
    0.8261067708333333,
    0.8268880208333333,
    0.8263671875,
    0.8265625,
    0.8266927083333333,
    0.8252604166666667,
    0.8272786458333333,
    0.8261067708333333,
    0.82578125,
    0.8243489583333333,
    0.8240885416666667,
    0.8270833333333333,
    0.8237630208333333,
    0.8239583333333333,
    0.8237630208333333,
    0.823828125,
    0.8248697916666666,
    0.8240885416666667,
    0.8245442708333334,
    0.8263671875,
    0.8259114583333333,
    0.8245442708333334,
    0.8238932291666666,
    0.8235677083333334,
    0.8235677083333334,
    0.8248046875,
    0.823828125
  ]
}