{
  "epoch": [
    1000,
    2000,
    3000,
    4000,
    5000,
    6000,
    7000,
    8000,
    9000,
    10000,
    11000,
    12000,
    13000,
    14000,
    15000,
    16000,
    17000,
    18000,
    19000,
    20000,
    21000,
    22000,
    23000,
    24000,
    25000,
    26000,
    27000,
    28000,
    29000,
    30000,
    31000,
    32000,
    33000,
    34000,
    35000,
    36000,
    37000,
    38000,
    39000,
    40000,
    41000,
    42000,
    43000,
    44000,
    45000,
    46000,
    47000,
    48000,
    49000,
    50000,
    51000,
    52000,
    53000,
    54000,
    55000,
    56000,
    57000,
    58000,
    59000,
    60000,
    61000,
    62000,
    63000,
    64000,
    65000,
    66000,
    67000,
    68000,
    69000,
    70000,
    71000,
    72000,
    73000,
    74000,
    75000,
    76000,
    77000,
    78000,
    79000,
    80000,
    81000,
    82000,
    83000,
    84000,
    85000,
    86000,
    87000,
    88000,
    89000,
    90000,
    91000,
    92000,
    93000,
    94000,
    95000,
    96000,
    97000,
    98000,
    99000,
    100000
  ],
  "train_loss": [
    0.6724811792373657,
    0.6434573531150818,
    0.6433769464492798,
    0.6318225860595703,
    0.6107399463653564,
    0.6121127009391785,
    0.5437086820602417,
    0.525104284286499,
    0.5209670066833496,
    0.5499342679977417,
    0.4978616535663605,
    0.5133236050605774,
    0.5087483525276184,
    0.5110777020454407,
    0.5085146427154541,
    0.4838295578956604,
    0.5060038566589355,
    0.5102815628051758,
    0.5068466067314148,
    0.5116288065910339,
    0.4857657551765442,
    0.5006720423698425,
    0.4843512177467346,
    0.5128347873687744,
    0.5020080804824829,
    0.5028783082962036,
    0.48726046085357666,
    0.49000513553619385,
    0.4925839304924011,
    0.48126497864723206,
    0.48295724391937256,
    0.4747616946697235,
    0.48883122205734253,
    0.48842281103134155,
    0.4984792470932007,
    0.486701637506485,
    0.48699384927749634,
    0.4794311821460724,
    0.48518404364585876,
    0.5067295432090759,
    0.49509164690971375,
    0.4889225661754608,
    0.4844478368759155,
    0.4999184012413025,
    0.5159479379653931,
    0.4636914134025574,
    0.491066038608551,
    0.4827381670475006,
    0.49480441212654114,
    0.4916360378265381,
    0.4785955846309662,
    0.5029797554016113,
    0.5015181303024292,
    0.4813421368598938,
    0.47076886892318726,
    0.48508548736572266,
    0.4777369201183319,
    0.49287736415863037,
    0.5053869485855103,
    0.5028610229492188,
    0.47385478019714355,
    0.4805492162704468,
    0.4966580271720886,
    0.4872644245624542,
    0.4710792005062103,
    0.48586326837539673,
    0.4737905263900757,
    0.4708727300167084,
    0.4813120663166046,
    0.48423123359680176,
    0.47682908177375793,
    0.47434067726135254,
    0.4721372723579407,
    0.5003587603569031,
    0.4753342866897583,
    0.4655802249908447,
    0.5118900537490845,
    0.4861340820789337,
    0.4908817410469055,
    0.4822765588760376,
    0.47928619384765625,
    0.47991204261779785,
    0.48751622438430786,
    0.48701974749565125,
    0.4600602388381958,
    0.48342716693878174,
    0.4751906394958496,
    0.47454744577407837,
    0.46773388981819153,
    0.49024879932403564,
    0.47925540804862976,
    0.4770101010799408,
    0.49153652787208557,
    0.4825204610824585,
    0.47537630796432495,
    0.46918779611587524,
    0.4838576912879944,
    0.4762311577796936,
    0.4747247099876404,
    0.5013788342475891
  ],
  "val_accuracy": [
    0.7489423076923077,
    0.7571153846153846,
    0.7645673076923077,
    0.7713461538461538,
    0.7724519230769231,
    0.7770192307692307,
    0.7950480769230769,
    0.8032692307692307,
    0.80375,
    0.8062019230769231,
    0.8082211538461539,
    0.8093269230769231,
    0.8055288461538461,
    0.8081730769230769,
    0.8089423076923077,
    0.8076923076923077,
    0.8091346153846154,
    0.8091826923076924,
    0.8120192307692308,
    0.8113461538461538,
    0.8104807692307693,
    0.811875,
    0.8112019230769231,
    0.8117307692307693,
    0.8120192307692308,
    0.8107692307692308,
    0.8127884615384615,
    0.8110576923076923,
    0.8115865384615385,
    0.8147596153846154,
    0.8136538461538462,
    0.8141826923076924,
    0.8155769230769231,
    0.8143269230769231,
    0.8148557692307692,
    0.813125,
    0.8128365384615385,
    0.8165865384615385,
    0.8154807692307692,
    0.8166346153846153,
    0.8156730769230769,
    0.8147596153846154,
    0.8165865384615385,
    0.8166346153846153,
    0.8161057692307693,
    0.8179807692307692,
    0.8161538461538461,
    0.8142307692307692,
    0.81625,
    0.8170673076923077,
    0.8182211538461538,
    0.8162019230769231,
    0.8149519230769231,
    0.8162980769230769,
    0.81625,
    0.8188942307692307,
    0.8154326923076923,
    0.8175961538461538,
    0.818125,
    0.8159134615384616,
    0.8172596153846153,
    0.8174038461538462,
    0.8178846153846154,
    0.8173076923076923,
    0.8172115384615385,
    0.8171634615384615,
    0.8169711538461538,
    0.8170673076923077,
    0.816923076923077,
    0.817451923076923,
    0.816875,
    0.818173076923077,
    0.8157692307692308,
    0.8178365384615385,
    0.8176442307692308,
    0.8176442307692308,
    0.8174038461538462,
    0.8163942307692308,
    0.8179807692307692,
    0.8167788461538461,
    0.8178846153846154,
    0.8167788461538461,
    0.8166826923076923,
    0.8163461538461538,
    0.8179326923076923,
    0.8179807692307692,
    0.8164903846153846,
    0.816875,
    0.8160096153846154,
    0.8180288461538462,
    0.8175,
    0.8154326923076923,
    0.8177884615384615,
    0.8175961538461538,
    0.8177403846153846,
    0.817451923076923,
    0.8161538461538461,
    0.8170673076923077,
    0.8169711538461538,
    0.817451923076923
  ]
}