{
  "epoch": [
    1000,
    2000,
    3000,
    4000,
    5000,
    6000,
    7000,
    8000,
    9000,
    10000,
    11000,
    12000,
    13000,
    14000,
    15000,
    16000,
    17000,
    18000,
    19000,
    20000,
    21000,
    22000,
    23000,
    24000,
    25000,
    26000,
    27000,
    28000,
    29000,
    30000,
    31000,
    32000,
    33000,
    34000,
    35000,
    36000,
    37000,
    38000,
    39000,
    40000,
    41000,
    42000,
    43000,
    44000,
    45000,
    46000,
    47000,
    48000,
    49000,
    50000,
    51000,
    52000,
    53000,
    54000,
    55000,
    56000,
    57000,
    58000,
    59000,
    60000,
    61000,
    62000,
    63000,
    64000,
    65000,
    66000,
    67000,
    68000,
    69000,
    70000,
    71000,
    72000,
    73000,
    74000,
    75000,
    76000,
    77000,
    78000,
    79000,
    80000,
    81000,
    82000,
    83000,
    84000,
    85000,
    86000,
    87000,
    88000,
    89000,
    90000,
    91000,
    92000,
    93000,
    94000,
    95000,
    96000,
    97000,
    98000,
    99000,
    100000
  ],
  "train_loss": [
    0.7494789958000183,
    0.6512870788574219,
    0.6270380616188049,
    0.5243801474571228,
    0.5448667407035828,
    0.4909326434135437,
    0.48711100220680237,
    0.4909341335296631,
    0.47460615634918213,
    0.47890934348106384,
    0.4671670198440552,
    0.494310200214386,
    0.47109121084213257,
    0.4803360104560852,
    0.4729726314544678,
    0.48089599609375,
    0.4721171259880066,
    0.4660915732383728,
    0.45720505714416504,
    0.4568004310131073,
    0.4674059748649597,
    0.461387038230896,
    0.4732102155685425,
    0.459981232881546,
    0.4548051953315735,
    0.4591299891471863,
    0.4401111602783203,
    0.4676300883293152,
    0.4610940217971802,
    0.4640023708343506,
    0.46102505922317505,
    0.4555363059043884,
    0.4532020688056946,
    0.4674162268638611,
    0.4656580090522766,
    0.4578467607498169,
    0.4539751410484314,
    0.4497820734977722,
    0.4465930163860321,
    0.45696043968200684,
    0.45072489976882935,
    0.4556933641433716,
    0.4641795754432678,
    0.4501265585422516,
    0.4523251950740814,
    0.45989587903022766,
    0.46375778317451477,
    0.47220298647880554,
    0.4615234136581421,
    0.4655771255493164,
    0.4600569009780884,
    0.451980859041214,
    0.46171414852142334,
    0.4593553841114044,
    0.454154372215271,
    0.45761561393737793,
    0.4566238224506378,
    0.4655846953392029,
    0.45980021357536316,
    0.4629797041416168,
    0.4551679491996765,
    0.4638553559780121,
    0.46098846197128296,
    0.4610174298286438,
    0.45836910605430603,
    0.45710182189941406,
    0.4587033689022064,
    0.4535754919052124,
    0.4480833411216736,
    0.46027442812919617,
    0.46459120512008667,
    0.4641759395599365,
    0.45131954550743103,
    0.4596739709377289,
    0.4607805609703064,
    0.4622109532356262,
    0.456442266702652,
    0.4690279960632324,
    0.4615681767463684,
    0.4593193829059601,
    0.45273151993751526,
    0.4516804814338684,
    0.4638584554195404,
    0.4565548002719879,
    0.46540307998657227,
    0.45769959688186646,
    0.45682376623153687,
    0.45488104224205017,
    0.4479738771915436,
    0.45965686440467834,
    0.46559736132621765,
    0.45138415694236755,
    0.45195624232292175,
    0.4461709260940552,
    0.45957350730895996,
    0.46090808510780334,
    0.45471635460853577,
    0.4572974443435669,
    0.45546478033065796,
    0.4563642144203186
  ],
  "val_accuracy": [
    0.7322596153846154,
    0.7573076923076923,
    0.7705288461538462,
    0.7994711538461539,
    0.8158173076923076,
    0.8172115384615385,
    0.8220673076923077,
    0.8213461538461538,
    0.8222596153846153,
    0.82375,
    0.8249519230769231,
    0.823701923076923,
    0.8254326923076923,
    0.8259615384615384,
    0.8267307692307693,
    0.8254326923076923,
    0.8252884615384616,
    0.8279807692307692,
    0.8276442307692308,
    0.8276442307692308,
    0.8292307692307692,
    0.8283653846153847,
    0.827548076923077,
    0.828076923076923,
    0.8271634615384615,
    0.8282211538461538,
    0.8297115384615384,
    0.8279807692307692,
    0.8274519230769231,
    0.8286538461538462,
    0.828125,
    0.8279326923076923,
    0.8303365384615384,
    0.8279326923076923,
    0.8285096153846154,
    0.8285096153846154,
    0.829375,
    0.828173076923077,
    0.8289903846153847,
    0.8283173076923077,
    0.8286057692307692,
    0.8286538461538462,
    0.8287980769230769,
    0.8274038461538461,
    0.8280288461538462,
    0.8277884615384615,
    0.8270673076923077,
    0.8299038461538462,
    0.8277884615384615,
    0.8293269230769231,
    0.8278365384615385,
    0.8273076923076923,
    0.8289423076923077,
    0.8295192307692307,
    0.8283173076923077,
    0.8277403846153846,
    0.8283653846153847,
    0.8282692307692308,
    0.8291826923076923,
    0.828701923076923,
    0.8286538461538462,
    0.8282211538461538,
    0.8279807692307692,
    0.828701923076923,
    0.828076923076923,
    0.8298076923076924,
    0.8287980769230769,
    0.8294230769230769,
    0.8283173076923077,
    0.8270673076923077,
    0.8275961538461538,
    0.8289903846153847,
    0.8274519230769231,
    0.8284615384615385,
    0.8276923076923077,
    0.8275961538461538,
    0.8277884615384615,
    0.828125,
    0.8287980769230769,
    0.8265384615384616,
    0.8282211538461538,
    0.8275961538461538,
    0.8296634615384615,
    0.8261538461538461,
    0.8274519230769231,
    0.8277884615384615,
    0.8277403846153846,
    0.8279326923076923,
    0.828701923076923,
    0.8278846153846153,
    0.8275,
    0.8271153846153846,
    0.8270192307692308,
    0.8273557692307693,
    0.8278365384615385,
    0.8275,
    0.827548076923077,
    0.828173076923077,
    0.8263942307692308,
    0.8271153846153846
  ]
}