{
  "epoch": [
    1000,
    2000,
    3000,
    4000,
    5000,
    6000,
    7000,
    8000,
    9000,
    10000,
    11000,
    12000,
    13000,
    14000,
    15000,
    16000,
    17000,
    18000,
    19000,
    20000,
    21000,
    22000,
    23000,
    24000,
    25000,
    26000,
    27000,
    28000,
    29000,
    30000,
    31000,
    32000,
    33000,
    34000,
    35000,
    36000,
    37000,
    38000,
    39000,
    40000,
    41000,
    42000,
    43000,
    44000,
    45000,
    46000,
    47000,
    48000,
    49000,
    50000,
    51000,
    52000,
    53000,
    54000,
    55000,
    56000,
    57000,
    58000,
    59000,
    60000,
    61000,
    62000,
    63000,
    64000,
    65000,
    66000,
    67000,
    68000,
    69000,
    70000,
    71000,
    72000,
    73000,
    74000,
    75000,
    76000,
    77000,
    78000,
    79000,
    80000,
    81000,
    82000,
    83000,
    84000,
    85000,
    86000,
    87000,
    88000,
    89000,
    90000,
    91000,
    92000,
    93000,
    94000,
    95000,
    96000,
    97000,
    98000,
    99000,
    100000
  ],
  "train_loss": [
    0.6933462619781494,
    0.6466010808944702,
    0.6201610565185547,
    0.6280927062034607,
    0.6096456050872803,
    0.6013299226760864,
    0.5798214077949524,
    0.5003246665000916,
    0.5120702981948853,
    0.5042778849601746,
    0.4792163670063019,
    0.5114532113075256,
    0.48098835349082947,
    0.47670796513557434,
    0.4688497483730316,
    0.4653046131134033,
    0.4986121654510498,
    0.4697996973991394,
    0.47433504462242126,
    0.47144705057144165,
    0.4585186243057251,
    0.491532564163208,
    0.46789225935935974,
    0.4815795421600342,
    0.4642903804779053,
    0.47182559967041016,
    0.4702484905719757,
    0.4666975140571594,
    0.4570994973182678,
    0.4613974094390869,
    0.46114519238471985,
    0.4742555022239685,
    0.4611622095108032,
    0.4635745584964752,
    0.4556431174278259,
    0.45894110202789307,
    0.47092205286026,
    0.4693244397640228,
    0.47631150484085083,
    0.4654054641723633,
    0.45783692598342896,
    0.46091583371162415,
    0.45533430576324463,
    0.4759109914302826,
    0.4669179320335388,
    0.4611401855945587,
    0.4666888415813446,
    0.5187687873840332,
    0.4550740122795105,
    0.4527081847190857,
    0.455767959356308,
    0.4616887867450714,
    0.4512123763561249,
    0.47789227962493896,
    0.45954206585884094,
    0.4570011496543884,
    0.4510093927383423,
    0.45508259534835815,
    0.45912063121795654,
    0.45973140001296997,
    0.4474383592605591,
    0.4609155058860779,
    0.45489275455474854,
    0.46243616938591003,
    0.45976176857948303,
    0.4583317041397095,
    0.447475403547287,
    0.4563247859477997,
    0.47438111901283264,
    0.45616525411605835,
    0.4530400335788727,
    0.45191070437431335,
    0.45031335949897766,
    0.47808074951171875,
    0.4625638425350189,
    0.45751428604125977,
    0.4575194716453552,
    0.45052263140678406,
    0.452259361743927,
    0.46374186873435974,
    0.4586290121078491,
    0.4635591506958008,
    0.45144182443618774,
    0.4641974866390228,
    0.4763845205307007,
    0.46105825901031494,
    0.45942914485931396,
    0.4597775936126709,
    0.4567106366157532,
    0.46094536781311035,
    0.45322826504707336,
    0.4628021717071533,
    0.451190710067749,
    0.46055126190185547,
    0.45603907108306885,
    0.4590578079223633,
    0.45467907190322876,
    0.4606056809425354,
    0.45444345474243164,
    0.46546342968940735
  ],
  "val_accuracy": [
    0.7438942307692308,
    0.755576923076923,
    0.7604807692307692,
    0.7675,
    0.7684134615384616,
    0.7789423076923077,
    0.7937980769230769,
    0.8026923076923077,
    0.8054807692307693,
    0.8102884615384616,
    0.8136538461538462,
    0.818173076923077,
    0.81625,
    0.8217307692307693,
    0.8197596153846154,
    0.8248557692307692,
    0.818701923076923,
    0.8239903846153847,
    0.8235096153846154,
    0.8220192307692308,
    0.8252884615384616,
    0.8247115384615384,
    0.8247596153846154,
    0.8248076923076924,
    0.8278365384615385,
    0.8276442307692308,
    0.8267307692307693,
    0.8235096153846154,
    0.8228365384615385,
    0.8266826923076923,
    0.8279807692307692,
    0.8258653846153846,
    0.8273076923076923,
    0.8251923076923077,
    0.828076923076923,
    0.8283173076923077,
    0.8279807692307692,
    0.8271634615384615,
    0.8259134615384616,
    0.8255769230769231,
    0.8283653846153847,
    0.8289423076923077,
    0.8279326923076923,
    0.8282211538461538,
    0.8269230769230769,
    0.8269230769230769,
    0.8283173076923077,
    0.8234615384615385,
    0.8289903846153847,
    0.8266346153846154,
    0.8276923076923077,
    0.8269711538461538,
    0.8294230769230769,
    0.8284615384615385,
    0.8296634615384615,
    0.8296634615384615,
    0.8292788461538462,
    0.8289423076923077,
    0.8268269230769231,
    0.8286538461538462,
    0.8283173076923077,
    0.8276923076923077,
    0.8276923076923077,
    0.8252403846153846,
    0.8275,
    0.82875,
    0.828076923076923,
    0.829375,
    0.8267788461538461,
    0.8292788461538462,
    0.8268269230769231,
    0.8254807692307692,
    0.8249038461538462,
    0.828173076923077,
    0.8277884615384615,
    0.8291826923076923,
    0.8288942307692307,
    0.828173076923077,
    0.827548076923077,
    0.828173076923077,
    0.8271634615384615,
    0.8278365384615385,
    0.826875,
    0.828701923076923,
    0.8291826923076923,
    0.8289423076923077,
    0.8292788461538462,
    0.828173076923077,
    0.8274038461538461,
    0.8289903846153847,
    0.8286057692307692,
    0.828173076923077,
    0.82875,
    0.828076923076923,
    0.8285576923076923,
    0.8284615384615385,
    0.8277884615384615,
    0.8277403846153846,
    0.8284134615384615,
    0.8288461538461539
  ]
}