{
  "epoch": [
    1000,
    2000,
    3000,
    4000,
    5000,
    6000,
    7000,
    8000,
    9000,
    10000,
    11000,
    12000,
    13000,
    14000,
    15000,
    16000,
    17000,
    18000,
    19000,
    20000,
    21000,
    22000,
    23000,
    24000,
    25000,
    26000,
    27000,
    28000,
    29000,
    30000,
    31000,
    32000,
    33000,
    34000,
    35000,
    36000,
    37000,
    38000,
    39000,
    40000,
    41000,
    42000,
    43000,
    44000,
    45000,
    46000,
    47000,
    48000,
    49000,
    50000,
    51000,
    52000,
    53000,
    54000,
    55000,
    56000,
    57000,
    58000,
    59000,
    60000,
    61000,
    62000,
    63000,
    64000,
    65000,
    66000,
    67000,
    68000,
    69000,
    70000,
    71000,
    72000,
    73000,
    74000,
    75000,
    76000,
    77000,
    78000,
    79000,
    80000,
    81000,
    82000,
    83000,
    84000,
    85000,
    86000,
    87000,
    88000,
    89000,
    90000,
    91000,
    92000,
    93000,
    94000,
    95000,
    96000,
    97000,
    98000,
    99000,
    100000
  ],
  "train_loss": [
    0.708416223526001,
    0.6139186024665833,
    0.5554218292236328,
    0.5645149350166321,
    0.5235363245010376,
    0.5542455315589905,
    0.5143530368804932,
    0.5223060250282288,
    0.5339747667312622,
    0.5067203640937805,
    0.4871821105480194,
    0.48624250292778015,
    0.5154146552085876,
    0.48464852571487427,
    0.4743751883506775,
    0.47043463587760925,
    0.47003719210624695,
    0.4655112326145172,
    0.4712764620780945,
    0.48862218856811523,
    0.46822893619537354,
    0.45736247301101685,
    0.46505266427993774,
    0.47465524077415466,
    0.4659302830696106,
    0.4742351472377777,
    0.475033164024353,
    0.4684293568134308,
    0.47625845670700073,
    0.4513181447982788,
    0.4782993793487549,
    0.47306638956069946,
    0.4707329273223877,
    0.45655518770217896,
    0.4606649875640869,
    0.47040271759033203,
    0.46300646662712097,
    0.45193642377853394,
    0.487060010433197,
    0.4609183669090271,
    0.4731077253818512,
    0.46278589963912964,
    0.47100725769996643,
    0.45430415868759155,
    0.4576064646244049,
    0.45611822605133057,
    0.46784406900405884,
    0.46004194021224976,
    0.4605422616004944,
    0.46752551198005676,
    0.46834424138069153,
    0.458427757024765,
    0.47284194827079773,
    0.46918827295303345,
    0.452697217464447,
    0.46341440081596375,
    0.45738041400909424,
    0.46487635374069214,
    0.4689410924911499,
    0.46327024698257446,
    0.4523569941520691,
    0.46270233392715454,
    0.4597841501235962,
    0.4592626690864563,
    0.45938581228256226,
    0.4580495059490204,
    0.4522876739501953,
    0.4691537618637085,
    0.46333134174346924,
    0.4515140950679779,
    0.4732741415500641,
    0.4528539776802063,
    0.45567378401756287,
    0.45700788497924805,
    0.4592217206954956,
    0.45408153533935547,
    0.45541179180145264,
    0.45789259672164917,
    0.4542083740234375,
    0.4644140601158142,
    0.46510565280914307,
    0.4577102065086365,
    0.4600221812725067,
    0.4664108157157898,
    0.4589645564556122,
    0.46380215883255005,
    0.4599076509475708,
    0.4499204754829407,
    0.46095162630081177,
    0.46835339069366455,
    0.460308313369751,
    0.4622131586074829,
    0.45797333121299744,
    0.46618789434432983,
    0.462192565202713,
    0.4514937400817871,
    0.46635353565216064,
    0.4546875059604645,
    0.4544442296028137,
    0.4552608132362366
  ],
  "val_accuracy": [
    0.7360096153846154,
    0.7747596153846154,
    0.7954807692307693,
    0.7977884615384615,
    0.7962019230769231,
    0.803125,
    0.8066826923076923,
    0.8074038461538462,
    0.8092307692307692,
    0.8110576923076923,
    0.813125,
    0.816923076923077,
    0.816875,
    0.8185576923076923,
    0.8188461538461539,
    0.8200480769230769,
    0.8220673076923077,
    0.8211057692307693,
    0.8202403846153846,
    0.8226442307692308,
    0.823173076923077,
    0.8235576923076923,
    0.8245673076923077,
    0.8240865384615385,
    0.8245673076923077,
    0.823701923076923,
    0.8249519230769231,
    0.8265865384615385,
    0.8276923076923077,
    0.8244711538461539,
    0.8247115384615384,
    0.8249519230769231,
    0.8250480769230769,
    0.8262980769230769,
    0.8257211538461539,
    0.8250961538461539,
    0.8253365384615384,
    0.8263461538461538,
    0.8259134615384616,
    0.8269230769230769,
    0.8258653846153846,
    0.8266826923076923,
    0.8272596153846153,
    0.8262019230769231,
    0.8258173076923077,
    0.8253365384615384,
    0.8261057692307693,
    0.8259134615384616,
    0.8259615384615384,
    0.8265384615384616,
    0.8260096153846154,
    0.8271153846153846,
    0.8275,
    0.8251442307692308,
    0.8265865384615385,
    0.82625,
    0.8265865384615385,
    0.8268269230769231,
    0.8264903846153846,
    0.8262980769230769,
    0.8275961538461538,
    0.8257692307692308,
    0.827548076923077,
    0.8271153846153846,
    0.8278365384615385,
    0.8262980769230769,
    0.8274519230769231,
    0.828125,
    0.8270673076923077,
    0.8258653846153846,
    0.8275961538461538,
    0.8275,
    0.8272596153846153,
    0.827548076923077,
    0.8263461538461538,
    0.8270192307692308,
    0.8264423076923076,
    0.8257211538461539,
    0.8260576923076923,
    0.8259134615384616,
    0.8279326923076923,
    0.8263942307692308,
    0.8254807692307692,
    0.8263461538461538,
    0.8279807692307692,
    0.8270673076923077,
    0.8264903846153846,
    0.8266346153846154,
    0.8257211538461539,
    0.8267788461538461,
    0.8257211538461539,
    0.8279807692307692,
    0.8265865384615385,
    0.8266346153846154,
    0.8270192307692308,
    0.8272115384615385,
    0.8248557692307692,
    0.8265384615384616,
    0.8271153846153846,
    0.8263942307692308
  ]
}