{
  "epoch": [
    1000,
    2000,
    3000,
    4000,
    5000,
    6000,
    7000,
    8000,
    9000,
    10000,
    11000,
    12000,
    13000,
    14000,
    15000,
    16000,
    17000,
    18000,
    19000,
    20000,
    21000,
    22000,
    23000,
    24000,
    25000,
    26000,
    27000,
    28000,
    29000,
    30000,
    31000,
    32000,
    33000,
    34000,
    35000,
    36000,
    37000,
    38000,
    39000,
    40000,
    41000,
    42000,
    43000,
    44000,
    45000,
    46000,
    47000,
    48000,
    49000,
    50000,
    51000,
    52000,
    53000,
    54000,
    55000,
    56000,
    57000,
    58000,
    59000,
    60000,
    61000,
    62000,
    63000,
    64000,
    65000,
    66000,
    67000,
    68000,
    69000,
    70000,
    71000,
    72000,
    73000,
    74000,
    75000,
    76000,
    77000,
    78000,
    79000,
    80000,
    81000,
    82000,
    83000,
    84000,
    85000,
    86000,
    87000,
    88000,
    89000,
    90000,
    91000,
    92000,
    93000,
    94000,
    95000,
    96000,
    97000,
    98000,
    99000,
    100000
  ],
  "train_loss": [
    0.7117752432823181,
    0.6662315130233765,
    0.6164830923080444,
    0.545354425907135,
    0.5126840472221375,
    0.5152829885482788,
    0.46479707956314087,
    0.4650838375091553,
    0.4665382504463196,
    0.4441417455673218,
    0.47670426964759827,
    0.45915859937667847,
    0.43943995237350464,
    0.4496220350265503,
    0.4543306827545166,
    0.4438740611076355,
    0.44618701934814453,
    0.4483223557472229,
    0.4427295923233032,
    0.44930416345596313,
    0.4389569163322449,
    0.43712127208709717,
    0.44353657960891724,
    0.4309220314025879,
    0.4315612018108368,
    0.43695980310440063,
    0.4395390748977661,
    0.44160550832748413,
    0.43480467796325684,
    0.4367678463459015,
    0.43371453881263733,
    0.4366883337497711,
    0.4406473636627197,
    0.43039512634277344,
    0.4378306567668915,
    0.440198689699173,
    0.43060633540153503,
    0.4357964098453522,
    0.4404118061065674,
    0.4396713972091675,
    0.4372880458831787,
    0.43477749824523926,
    0.4457656741142273,
    0.44473811984062195,
    0.43218040466308594,
    0.43281298875808716,
    0.4413904547691345,
    0.43197351694107056,
    0.4362996816635132,
    0.4339587986469269,
    0.4331054389476776,
    0.43675607442855835,
    0.4388399124145508,
    0.4359164237976074,
    0.4375140964984894,
    0.434185653924942,
    0.4362112879753113,
    0.43544700741767883,
    0.436034619808197,
    0.4406683146953583,
    0.43666940927505493,
    0.4373926520347595,
    0.436397910118103,
    0.4351724088191986,
    0.43969208002090454,
    0.46200281381607056,
    0.4358938932418823,
    0.4340057969093323,
    0.43151551485061646,
    0.4343956708908081,
    0.43609631061553955,
    0.4426414370536804,
    0.43625324964523315,
    0.43672531843185425,
    0.4360736608505249,
    0.4347032308578491,
    0.4361460208892822,
    0.436154305934906,
    0.4478577673435211,
    0.43134379386901855,
    0.43211787939071655,
    0.436489462852478,
    0.4244203567504883,
    0.4335274398326874,
    0.43408191204071045,
    0.4368321895599365,
    0.4318596124649048,
    0.42425084114074707,
    0.43045687675476074,
    0.4463806450366974,
    0.4365335702896118,
    0.4315318167209625,
    0.4387452304363251,
    0.433239221572876,
    0.43388721346855164,
    0.43787917494773865,
    0.4357089102268219,
    0.43522605299949646,
    0.43525153398513794,
    0.4366770386695862
  ],
  "val_accuracy": [
    0.7271484375,
    0.7409505208333333,
    0.7604817708333333,
    0.7870442708333333,
    0.8009765625,
    0.8060546875,
    0.81484375,
    0.8204427083333333,
    0.8166015625,
    0.8237630208333333,
    0.819921875,
    0.8236979166666667,
    0.8221354166666667,
    0.8239583333333333,
    0.8274088541666667,
    0.826171875,
    0.8225911458333334,
    0.8255208333333334,
    0.82734375,
    0.8263671875,
    0.8267578125,
    0.8244791666666667,
    0.828515625,
    0.8268229166666666,
    0.8244140625,
    0.8238932291666666,
    0.8278645833333333,
    0.8265625,
    0.8265625,
    0.8279296875,
    0.8279947916666667,
    0.8264322916666667,
    0.8274739583333334,
    0.828515625,
    0.827734375,
    0.8259765625,
    0.8283854166666667,
    0.8266276041666667,
    0.8282552083333333,
    0.8263020833333333,
    0.8283854166666667,
    0.8261067708333333,
    0.8265625,
    0.8281901041666667,
    0.8264322916666667,
    0.82421875,
    0.8261067708333333,
    0.830078125,
    0.8272135416666667,
    0.8285807291666667,
    0.8276041666666667,
    0.8266276041666667,
    0.8281901041666667,
    0.8263671875,
    0.8285807291666667,
    0.8296875,
    0.8260416666666667,
    0.8248697916666666,
    0.82734375,
    0.8266927083333333,
    0.826171875,
    0.8270833333333333,
    0.8254557291666667,
    0.8266927083333333,
    0.8248697916666666,
    0.8261067708333333,
    0.8270182291666667,
    0.8272135416666667,
    0.8251302083333333,
    0.8270182291666667,
    0.8258463541666666,
    0.82578125,
    0.8259114583333333,
    0.8261067708333333,
    0.8270833333333333,
    0.8265625,
    0.8264322916666667,
    0.8261067708333333,
    0.826953125,
    0.8259114583333333,
    0.825,
    0.8268880208333333,
    0.8241536458333333,
    0.8264322916666667,
    0.8263671875,
    0.8271484375,
    0.8244140625,
    0.8244140625,
    0.8246744791666667,
    0.8248697916666666,
    0.824609375,
    0.8270182291666667,
    0.8259114583333333,
    0.826953125,
    0.8265625,
    0.8262369791666667,
    0.8258463541666666,
    0.8242838541666667,
    0.82578125,
    0.8280598958333333
  ]
}