{
  "epoch": [
    1000,
    2000,
    3000,
    4000,
    5000,
    6000,
    7000,
    8000,
    9000,
    10000,
    11000,
    12000,
    13000,
    14000,
    15000,
    16000,
    17000,
    18000,
    19000,
    20000,
    21000,
    22000,
    23000,
    24000,
    25000,
    26000,
    27000,
    28000,
    29000,
    30000,
    31000,
    32000,
    33000,
    34000,
    35000,
    36000,
    37000,
    38000,
    39000,
    40000,
    41000,
    42000,
    43000,
    44000,
    45000,
    46000,
    47000,
    48000,
    49000,
    50000,
    51000,
    52000,
    53000,
    54000,
    55000,
    56000,
    57000,
    58000,
    59000,
    60000,
    61000,
    62000,
    63000,
    64000,
    65000,
    66000,
    67000,
    68000,
    69000,
    70000,
    71000,
    72000,
    73000,
    74000,
    75000,
    76000,
    77000,
    78000,
    79000,
    80000,
    81000,
    82000,
    83000,
    84000,
    85000,
    86000,
    87000,
    88000,
    89000,
    90000,
    91000,
    92000,
    93000,
    94000,
    95000,
    96000,
    97000,
    98000,
    99000,
    100000
  ],
  "train_loss": [
    0.7289133071899414,
    0.6467734575271606,
    0.5567898154258728,
    0.5281411409378052,
    0.5441362857818604,
    0.5428880453109741,
    0.4903179407119751,
    0.5125125050544739,
    0.4945782721042633,
    0.4926876127719879,
    0.4955954849720001,
    0.5025889277458191,
    0.4731130599975586,
    0.46213215589523315,
    0.46651753783226013,
    0.467176616191864,
    0.46784669160842896,
    0.4668019115924835,
    0.4823101758956909,
    0.475615918636322,
    0.4597965180873871,
    0.46372613310813904,
    0.46267133951187134,
    0.46766459941864014,
    0.4616571366786957,
    0.4591839611530304,
    0.4563750624656677,
    0.4600352644920349,
    0.46225523948669434,
    0.47007083892822266,
    0.4654309153556824,
    0.46329981088638306,
    0.46739059686660767,
    0.46516114473342896,
    0.46106988191604614,
    0.4548046290874481,
    0.45286399126052856,
    0.46290674805641174,
    0.4574257433414459,
    0.458839476108551,
    0.44778019189834595,
    0.46670907735824585,
    0.45432281494140625,
    0.45461565256118774,
    0.4568108022212982,
    0.45772382616996765,
    0.46584832668304443,
    0.46106547117233276,
    0.4617736041545868,
    0.4573349356651306,
    0.4601515233516693,
    0.4557591378688812,
    0.454787939786911,
    0.4553923010826111,
    0.4527667760848999,
    0.4604589641094208,
    0.4560917615890503,
    0.4633615016937256,
    0.4760249853134155,
    0.4592207670211792,
    0.46325546503067017,
    0.4585922956466675,
    0.46233931183815,
    0.46519845724105835,
    0.4537654519081116,
    0.4584121108055115,
    0.4579727053642273,
    0.45850276947021484,
    0.4614756107330322,
    0.4608582854270935,
    0.46006637811660767,
    0.4566381871700287,
    0.4570773243904114,
    0.4601858854293823,
    0.4529390335083008,
    0.4630453288555145,
    0.4533311724662781,
    0.45404964685440063,
    0.46398845314979553,
    0.4598621428012848,
    0.4528036117553711,
    0.4517717957496643,
    0.450601726770401,
    0.4589169919490814,
    0.4520232081413269,
    0.4651099741458893,
    0.4613901376724243,
    0.45476362109184265,
    0.4474121034145355,
    0.4882011115550995,
    0.4578709602355957,
    0.4529179334640503,
    0.4622915983200073,
    0.4522850513458252,
    0.45501458644866943,
    0.4533825218677521,
    0.45263248682022095,
    0.4457392394542694,
    0.4576278626918793,
    0.4589061439037323
  ],
  "val_accuracy": [
    0.7330288461538461,
    0.7695673076923077,
    0.7894230769230769,
    0.7957692307692308,
    0.79875,
    0.7975480769230769,
    0.811923076923077,
    0.8120673076923077,
    0.8186057692307692,
    0.8193269230769231,
    0.8197115384615384,
    0.8214903846153846,
    0.8222596153846153,
    0.8244711538461539,
    0.8248076923076924,
    0.8241346153846154,
    0.8246634615384615,
    0.8245673076923077,
    0.8254807692307692,
    0.8239423076923077,
    0.8263942307692308,
    0.8259134615384616,
    0.825,
    0.8263942307692308,
    0.8284134615384615,
    0.8262019230769231,
    0.8258653846153846,
    0.8263942307692308,
    0.827548076923077,
    0.8276923076923077,
    0.8261538461538461,
    0.826875,
    0.8274519230769231,
    0.8282211538461538,
    0.8268269230769231,
    0.8286057692307692,
    0.8267307692307693,
    0.8259615384615384,
    0.8274519230769231,
    0.8283653846153847,
    0.8284615384615385,
    0.8277884615384615,
    0.8273557692307693,
    0.8271634615384615,
    0.8290384615384615,
    0.8301923076923077,
    0.8270673076923077,
    0.8278365384615385,
    0.8292307692307692,
    0.8277403846153846,
    0.8277884615384615,
    0.8272596153846153,
    0.8272115384615385,
    0.8288461538461539,
    0.828173076923077,
    0.8297115384615384,
    0.8277884615384615,
    0.8268269230769231,
    0.8267307692307693,
    0.82625,
    0.8284134615384615,
    0.82875,
    0.8275,
    0.8271153846153846,
    0.8267788461538461,
    0.8271153846153846,
    0.8283173076923077,
    0.8262019230769231,
    0.8277884615384615,
    0.8271153846153846,
    0.8278365384615385,
    0.8274038461538461,
    0.8266346153846154,
    0.8267307692307693,
    0.8277403846153846,
    0.8273557692307693,
    0.8291346153846154,
    0.8270673076923077,
    0.8250961538461539,
    0.8261057692307693,
    0.8261057692307693,
    0.8264903846153846,
    0.8278365384615385,
    0.8270192307692308,
    0.8266826923076923,
    0.8269230769230769,
    0.8261057692307693,
    0.8264423076923076,
    0.8252403846153846,
    0.8258653846153846,
    0.8278846153846153,
    0.827548076923077,
    0.8273076923076923,
    0.8271634615384615,
    0.8266826923076923,
    0.8271153846153846,
    0.8248557692307692,
    0.8269711538461538,
    0.8266346153846154,
    0.8260096153846154
  ]
}