{
  "epoch": [
    1000,
    2000,
    3000,
    4000,
    5000,
    6000,
    7000,
    8000,
    9000,
    10000,
    11000,
    12000,
    13000,
    14000,
    15000,
    16000,
    17000,
    18000,
    19000,
    20000,
    21000,
    22000,
    23000,
    24000,
    25000,
    26000,
    27000,
    28000,
    29000,
    30000,
    31000,
    32000,
    33000,
    34000,
    35000,
    36000,
    37000,
    38000,
    39000,
    40000,
    41000,
    42000,
    43000,
    44000,
    45000,
    46000,
    47000,
    48000,
    49000,
    50000,
    51000,
    52000,
    53000,
    54000,
    55000,
    56000,
    57000,
    58000,
    59000,
    60000,
    61000,
    62000,
    63000,
    64000,
    65000,
    66000,
    67000,
    68000,
    69000,
    70000,
    71000,
    72000,
    73000,
    74000,
    75000,
    76000,
    77000,
    78000,
    79000,
    80000,
    81000,
    82000,
    83000,
    84000,
    85000,
    86000,
    87000,
    88000,
    89000,
    90000,
    91000,
    92000,
    93000,
    94000,
    95000,
    96000,
    97000,
    98000,
    99000,
    100000
  ],
  "train_loss": [
    0.7253704071044922,
    0.6691686511039734,
    0.6089617013931274,
    0.5468994379043579,
    0.542365312576294,
    0.5215709209442139,
    0.5000197887420654,
    0.4978143870830536,
    0.5123759508132935,
    0.4938378930091858,
    0.5156369209289551,
    0.4885699450969696,
    0.46588489413261414,
    0.4773666262626648,
    0.4624350965023041,
    0.4691062867641449,
    0.4621592164039612,
    0.5251189470291138,
    0.47142791748046875,
    0.47117507457733154,
    0.461060494184494,
    0.46530964970588684,
    0.46877866983413696,
    0.4751606285572052,
    0.46744468808174133,
    0.4530971348285675,
    0.4699956178665161,
    0.4735642075538635,
    0.4647619426250458,
    0.4566020965576172,
    0.4720589816570282,
    0.45603108406066895,
    0.46598219871520996,
    0.45807379484176636,
    0.4725834131240845,
    0.4653291702270508,
    0.45952606201171875,
    0.4747026562690735,
    0.4581497013568878,
    0.4561092257499695,
    0.44626182317733765,
    0.47568029165267944,
    0.4572034478187561,
    0.46063679456710815,
    0.46524015069007874,
    0.4586058259010315,
    0.4608283042907715,
    0.46049395203590393,
    0.4599275588989258,
    0.46219122409820557,
    0.47225072979927063,
    0.4583010673522949,
    0.47042223811149597,
    0.451700896024704,
    0.4753730893135071,
    0.4586871862411499,
    0.45060861110687256,
    0.46522724628448486,
    0.4524078965187073,
    0.46244263648986816,
    0.46102869510650635,
    0.4618251323699951,
    0.45503950119018555,
    0.45511728525161743,
    0.4580041766166687,
    0.45884886384010315,
    0.46678733825683594,
    0.46946683526039124,
    0.465214341878891,
    0.45446956157684326,
    0.45890888571739197,
    0.4590686857700348,
    0.4614022970199585,
    0.45574575662612915,
    0.443290650844574,
    0.4515390992164612,
    0.4594113528728485,
    0.48175424337387085,
    0.44317471981048584,
    0.45913878083229065,
    0.45637375116348267,
    0.45584380626678467,
    0.4634958505630493,
    0.46127188205718994,
    0.4586319029331207,
    0.46962422132492065,
    0.4534318447113037,
    0.45960259437561035,
    0.45697200298309326,
    0.4733138978481293,
    0.45053061842918396,
    0.4582187235355377,
    0.4552401304244995,
    0.4551990330219269,
    0.4557155668735504,
    0.4606558084487915,
    0.4637819826602936,
    0.4538017511367798,
    0.4565317928791046,
    0.45758193731307983
  ],
  "val_accuracy": [
    0.7341826923076923,
    0.7528365384615384,
    0.7745673076923076,
    0.7966346153846153,
    0.8041346153846154,
    0.8092307692307692,
    0.8125961538461538,
    0.8158653846153846,
    0.8189903846153846,
    0.8202403846153846,
    0.8188942307692307,
    0.82,
    0.822451923076923,
    0.8226923076923077,
    0.8255288461538461,
    0.8245192307692307,
    0.8245673076923077,
    0.8234615384615385,
    0.8238461538461539,
    0.8257692307692308,
    0.8253365384615384,
    0.8252884615384616,
    0.8259615384615384,
    0.8258653846153846,
    0.8266346153846154,
    0.8251442307692308,
    0.8265384615384616,
    0.8258173076923077,
    0.8276923076923077,
    0.8260096153846154,
    0.825625,
    0.8269230769230769,
    0.8251923076923077,
    0.8264903846153846,
    0.8264903846153846,
    0.8242307692307692,
    0.8271634615384615,
    0.8264423076923076,
    0.8275961538461538,
    0.8265865384615385,
    0.8269711538461538,
    0.8264423076923076,
    0.8276923076923077,
    0.8286538461538462,
    0.8271153846153846,
    0.8259134615384616,
    0.8275,
    0.8273076923076923,
    0.8258173076923077,
    0.8263942307692308,
    0.8262019230769231,
    0.8276923076923077,
    0.8251442307692308,
    0.8276923076923077,
    0.82625,
    0.8275961538461538,
    0.8266826923076923,
    0.8261057692307693,
    0.8271634615384615,
    0.8283173076923077,
    0.8257211538461539,
    0.8267307692307693,
    0.826875,
    0.8274519230769231,
    0.8277884615384615,
    0.8259134615384616,
    0.8262019230769231,
    0.8266346153846154,
    0.8276923076923077,
    0.8257692307692308,
    0.8260096153846154,
    0.8262019230769231,
    0.8248557692307692,
    0.8261057692307693,
    0.8257692307692308,
    0.825625,
    0.8263942307692308,
    0.8227403846153846,
    0.8268269230769231,
    0.8262980769230769,
    0.8279326923076923,
    0.8268269230769231,
    0.8270673076923077,
    0.8262980769230769,
    0.82625,
    0.826875,
    0.8262980769230769,
    0.8266826923076923,
    0.8259134615384616,
    0.82625,
    0.8267307692307693,
    0.8252884615384616,
    0.8264423076923076,
    0.825625,
    0.8274038461538461,
    0.8265865384615385,
    0.8266346153846154,
    0.826875,
    0.8261057692307693,
    0.8265865384615385
  ]
}