{
  "epoch": [
    1000,
    2000,
    3000,
    4000,
    5000,
    6000,
    7000,
    8000,
    9000,
    10000,
    11000,
    12000,
    13000,
    14000,
    15000,
    16000,
    17000,
    18000,
    19000,
    20000,
    21000,
    22000,
    23000,
    24000,
    25000,
    26000,
    27000,
    28000,
    29000,
    30000,
    31000,
    32000,
    33000,
    34000,
    35000,
    36000,
    37000,
    38000,
    39000,
    40000,
    41000,
    42000,
    43000,
    44000,
    45000,
    46000,
    47000,
    48000,
    49000,
    50000,
    51000,
    52000,
    53000,
    54000,
    55000,
    56000,
    57000,
    58000,
    59000,
    60000,
    61000,
    62000,
    63000,
    64000,
    65000,
    66000,
    67000,
    68000,
    69000,
    70000,
    71000,
    72000,
    73000,
    74000,
    75000,
    76000,
    77000,
    78000,
    79000,
    80000,
    81000,
    82000,
    83000,
    84000,
    85000,
    86000,
    87000,
    88000,
    89000,
    90000,
    91000,
    92000,
    93000,
    94000,
    95000,
    96000,
    97000,
    98000,
    99000,
    100000
  ],
  "train_loss": [
    0.6935554146766663,
    0.7172458171844482,
    0.7092845439910889,
    0.6561671495437622,
    0.632602870464325,
    0.6254896521568298,
    0.6140236854553223,
    0.5996862053871155,
    0.5780172348022461,
    0.5933505296707153,
    0.5758712291717529,
    0.5633136034011841,
    0.5036627054214478,
    0.48324477672576904,
    0.46454569697380066,
    0.4595649242401123,
    0.4522104561328888,
    0.4594793915748596,
    0.4457007050514221,
    0.45102250576019287,
    0.44165799021720886,
    0.43889933824539185,
    0.455464631319046,
    0.44617801904678345,
    0.4503663182258606,
    0.4397584795951843,
    0.4491523206233978,
    0.44368547201156616,
    0.43606558442115784,
    0.436506986618042,
    0.4404244124889374,
    0.44286900758743286,
    0.4370928406715393,
    0.43269410729408264,
    0.43108949065208435,
    0.43042492866516113,
    0.43952906131744385,
    0.43335092067718506,
    0.4322381615638733,
    0.44148096442222595,
    0.43187183141708374,
    0.4398147463798523,
    0.4330003261566162,
    0.4310743510723114,
    0.43822622299194336,
    0.43763136863708496,
    0.4361264109611511,
    0.4361945390701294,
    0.4369913935661316,
    0.42999547719955444,
    0.4303765296936035,
    0.4360448122024536,
    0.4404342770576477,
    0.43653345108032227,
    0.4353790581226349,
    0.43434932827949524,
    0.43279045820236206,
    0.4361685514450073,
    0.4321197271347046,
    0.43655282258987427,
    0.43762996792793274,
    0.4327969551086426,
    0.437984824180603,
    0.43675297498703003,
    0.4404127597808838,
    0.4356544315814972,
    0.43953758478164673,
    0.4414939284324646,
    0.4453382194042206,
    0.4370169937610626,
    0.4387660622596741,
    0.43566375970840454,
    0.4321863055229187,
    0.42983949184417725,
    0.4339938759803772,
    0.4341652989387512,
    0.44126391410827637,
    0.4364868998527527,
    0.431976318359375,
    0.4332006573677063,
    0.43625694513320923,
    0.43301811814308167,
    0.448047399520874,
    0.4280771017074585,
    0.439004123210907,
    0.43694353103637695,
    0.4267460107803345,
    0.4387187957763672,
    0.43690192699432373,
    0.4366720914840698,
    0.43360424041748047,
    0.43390512466430664,
    0.43363213539123535,
    0.4372502863407135,
    0.43385735154151917,
    0.4348761737346649,
    0.4265913963317871,
    0.4360147714614868,
    0.43205374479293823,
    0.4370436370372772
  ],
  "val_accuracy": [
    0.7266276041666667,
    0.7294921875,
    0.73125,
    0.741015625,
    0.7544270833333333,
    0.7639973958333334,
    0.7677083333333333,
    0.7695963541666667,
    0.7715494791666667,
    0.7731770833333333,
    0.7763671875,
    0.7776041666666667,
    0.8034505208333333,
    0.8124348958333333,
    0.8170572916666666,
    0.8201822916666667,
    0.8201171875,
    0.8205729166666667,
    0.8212890625,
    0.8222005208333333,
    0.8225911458333334,
    0.8243489583333333,
    0.8236328125,
    0.8246744791666667,
    0.8229166666666666,
    0.8234375,
    0.8255208333333334,
    0.82578125,
    0.8281901041666667,
    0.8263020833333333,
    0.8260416666666667,
    0.8263671875,
    0.8271484375,
    0.8274739583333334,
    0.8250651041666667,
    0.82734375,
    0.8276692708333333,
    0.8264322916666667,
    0.8264322916666667,
    0.82734375,
    0.8266927083333333,
    0.8249348958333333,
    0.8259765625,
    0.8272135416666667,
    0.8276692708333333,
    0.8272786458333333,
    0.8281901041666667,
    0.8265625,
    0.8272786458333333,
    0.8270182291666667,
    0.8259114583333333,
    0.8268229166666666,
    0.8264973958333334,
    0.8267578125,
    0.827734375,
    0.8267578125,
    0.8280598958333333,
    0.826953125,
    0.8266276041666667,
    0.8264322916666667,
    0.8274088541666667,
    0.8255859375,
    0.8260416666666667,
    0.825,
    0.8272786458333333,
    0.8259114583333333,
    0.823828125,
    0.8272135416666667,
    0.8249348958333333,
    0.8261067708333333,
    0.8268229166666666,
    0.8283203125,
    0.8244140625,
    0.8259114583333333,
    0.8251302083333333,
    0.827734375,
    0.8255208333333334,
    0.8254557291666667,
    0.8257161458333333,
    0.8264973958333334,
    0.82578125,
    0.825,
    0.823828125,
    0.8242838541666667,
    0.8259765625,
    0.825390625,
    0.8266276041666667,
    0.8271484375,
    0.823046875,
    0.8254557291666667,
    0.8250651041666667,
    0.8251953125,
    0.8254557291666667,
    0.82421875,
    0.8238932291666666,
    0.8252604166666667,
    0.8246744791666667,
    0.8268229166666666,
    0.8239583333333333,
    0.8254557291666667
  ]
}