{
  "epoch": [
    1000,
    2000,
    3000,
    4000,
    5000,
    6000,
    7000,
    8000,
    9000,
    10000,
    11000,
    12000,
    13000,
    14000,
    15000,
    16000,
    17000,
    18000,
    19000,
    20000,
    21000,
    22000,
    23000,
    24000,
    25000,
    26000,
    27000,
    28000,
    29000,
    30000,
    31000,
    32000,
    33000,
    34000,
    35000,
    36000,
    37000,
    38000,
    39000,
    40000,
    41000,
    42000,
    43000,
    44000,
    45000,
    46000,
    47000,
    48000,
    49000,
    50000,
    51000,
    52000,
    53000,
    54000,
    55000,
    56000,
    57000,
    58000,
    59000,
    60000,
    61000,
    62000,
    63000,
    64000,
    65000,
    66000,
    67000,
    68000,
    69000,
    70000,
    71000,
    72000,
    73000,
    74000,
    75000,
    76000,
    77000,
    78000,
    79000,
    80000,
    81000,
    82000,
    83000,
    84000,
    85000,
    86000,
    87000,
    88000,
    89000,
    90000,
    91000,
    92000,
    93000,
    94000,
    95000,
    96000,
    97000,
    98000,
    99000,
    100000
  ],
  "train_loss": [
    0.7169288396835327,
    0.7121871709823608,
    0.6914002895355225,
    0.6348193287849426,
    0.6020495891571045,
    0.5314920544624329,
    0.5382605791091919,
    0.49546340107917786,
    0.4810028076171875,
    0.4888063371181488,
    0.4780772030353546,
    0.4499320387840271,
    0.4586310386657715,
    0.46411412954330444,
    0.4394209086894989,
    0.4546152949333191,
    0.44599825143814087,
    0.44144123792648315,
    0.43914932012557983,
    0.44547295570373535,
    0.4565436840057373,
    0.44842174649238586,
    0.45119524002075195,
    0.4379275143146515,
    0.43295085430145264,
    0.44177696108818054,
    0.4420950412750244,
    0.4405449628829956,
    0.44179338216781616,
    0.45016223192214966,
    0.4417857229709625,
    0.43895649909973145,
    0.43699097633361816,
    0.4339785575866699,
    0.4389842748641968,
    0.4329642355442047,
    0.43116289377212524,
    0.4317762851715088,
    0.43788111209869385,
    0.4364006817340851,
    0.42819446325302124,
    0.43304434418678284,
    0.43540841341018677,
    0.43805283308029175,
    0.4451887011528015,
    0.43592220544815063,
    0.4348909556865692,
    0.4371412992477417,
    0.43333151936531067,
    0.43932148814201355,
    0.440193235874176,
    0.43745240569114685,
    0.437292218208313,
    0.4359426200389862,
    0.4296501874923706,
    0.4333116412162781,
    0.43834948539733887,
    0.4401143789291382,
    0.4331202805042267,
    0.4386720061302185,
    0.43372511863708496,
    0.43537232279777527,
    0.4333805441856384,
    0.4340533912181854,
    0.43804070353507996,
    0.43308335542678833,
    0.4340445101261139,
    0.43610429763793945,
    0.43351176381111145,
    0.4340631365776062,
    0.43034350872039795,
    0.43346357345581055,
    0.43632179498672485,
    0.4346250593662262,
    0.4379158318042755,
    0.4376768469810486,
    0.432624876499176,
    0.43749141693115234,
    0.43176668882369995,
    0.435343861579895,
    0.4351999759674072,
    0.4352356195449829,
    0.43574410676956177,
    0.4357074201107025,
    0.43806636333465576,
    0.43563753366470337,
    0.43552491068840027,
    0.4306814968585968,
    0.43456214666366577,
    0.43468421697616577,
    0.43534553050994873,
    0.4347820281982422,
    0.4361918866634369,
    0.4333854019641876,
    0.43510353565216064,
    0.4335799813270569,
    0.43894729018211365,
    0.4253009557723999,
    0.42911404371261597,
    0.4360690712928772
  ],
  "val_accuracy": [
    0.7282552083333333,
    0.72734375,
    0.7322916666666667,
    0.7554036458333333,
    0.7743489583333333,
    0.794140625,
    0.8002604166666667,
    0.8067708333333333,
    0.8111328125,
    0.8130208333333333,
    0.815625,
    0.8136067708333333,
    0.8180989583333333,
    0.8190104166666666,
    0.8209635416666666,
    0.8213541666666667,
    0.8228515625,
    0.8236979166666667,
    0.8250651041666667,
    0.825,
    0.8255208333333334,
    0.8241536458333333,
    0.8229166666666666,
    0.8239583333333333,
    0.830078125,
    0.8252604166666667,
    0.8259765625,
    0.8262369791666667,
    0.8241536458333333,
    0.8274739583333334,
    0.8293619791666667,
    0.8276692708333333,
    0.8281901041666667,
    0.8249348958333333,
    0.8264973958333334,
    0.8275390625,
    0.8287109375,
    0.8295572916666667,
    0.8276692708333333,
    0.8280598958333333,
    0.8272135416666667,
    0.828125,
    0.8287109375,
    0.8282552083333333,
    0.8265625,
    0.8272135416666667,
    0.8287109375,
    0.8281901041666667,
    0.8284505208333334,
    0.8276692708333333,
    0.8266276041666667,
    0.8265625,
    0.8265625,
    0.8264973958333334,
    0.8296875,
    0.82890625,
    0.8281901041666667,
    0.8276041666666667,
    0.8289713541666667,
    0.8277994791666666,
    0.8286458333333333,
    0.8258463541666666,
    0.8276692708333333,
    0.8251953125,
    0.8275390625,
    0.8278645833333333,
    0.8256510416666667,
    0.8256510416666667,
    0.8276692708333333,
    0.8263671875,
    0.8284505208333334,
    0.8258463541666666,
    0.825390625,
    0.8251302083333333,
    0.8263020833333333,
    0.8280598958333333,
    0.8261067708333333,
    0.8251302083333333,
    0.8270182291666667,
    0.8272786458333333,
    0.8251302083333333,
    0.8284505208333334,
    0.8263020833333333,
    0.825,
    0.8278645833333333,
    0.8241536458333333,
    0.824609375,
    0.8255208333333334,
    0.8253255208333333,
    0.8248046875,
    0.8255859375,
    0.8240234375,
    0.8263020833333333,
    0.8254557291666667,
    0.8268880208333333,
    0.825390625,
    0.825,
    0.8260416666666667,
    0.8264322916666667,
    0.825
  ]
}