{
  "epoch": [
    1000,
    2000,
    3000,
    4000,
    5000,
    6000,
    7000,
    8000,
    9000,
    10000,
    11000,
    12000,
    13000,
    14000,
    15000,
    16000,
    17000,
    18000,
    19000,
    20000,
    21000,
    22000,
    23000,
    24000,
    25000,
    26000,
    27000,
    28000,
    29000,
    30000,
    31000,
    32000,
    33000,
    34000,
    35000,
    36000,
    37000,
    38000,
    39000,
    40000,
    41000,
    42000,
    43000,
    44000,
    45000,
    46000,
    47000,
    48000,
    49000,
    50000,
    51000,
    52000,
    53000,
    54000,
    55000,
    56000,
    57000,
    58000,
    59000,
    60000,
    61000,
    62000,
    63000,
    64000,
    65000,
    66000,
    67000,
    68000,
    69000,
    70000,
    71000,
    72000,
    73000,
    74000,
    75000,
    76000,
    77000,
    78000,
    79000,
    80000,
    81000,
    82000,
    83000,
    84000,
    85000,
    86000,
    87000,
    88000,
    89000,
    90000,
    91000,
    92000,
    93000,
    94000,
    95000,
    96000,
    97000,
    98000,
    99000,
    100000
  ],
  "train_loss": [
    0.7001099586486816,
    0.6259299516677856,
    0.5764472484588623,
    0.5198692679405212,
    0.49298956990242004,
    0.5091351866722107,
    0.4920017719268799,
    0.48037731647491455,
    0.5130172967910767,
    0.4796915650367737,
    0.5065224170684814,
    0.46980589628219604,
    0.47646743059158325,
    0.46043911576271057,
    0.4835916757583618,
    0.4595153331756592,
    0.45853620767593384,
    0.4663659334182739,
    0.446444034576416,
    0.44729429483413696,
    0.4566301703453064,
    0.47694435715675354,
    0.4581257104873657,
    0.46839526295661926,
    0.4519769847393036,
    0.45270490646362305,
    0.4534001052379608,
    0.44834989309310913,
    0.44508957862854004,
    0.4701937139034271,
    0.44888606667518616,
    0.43785494565963745,
    0.440060019493103,
    0.44631868600845337,
    0.4409070312976837,
    0.44338342547416687,
    0.44485026597976685,
    0.46109288930892944,
    0.44207414984703064,
    0.44841086864471436,
    0.44248950481414795,
    0.4410099983215332,
    0.43925586342811584,
    0.4313206672668457,
    0.44721490144729614,
    0.45516425371170044,
    0.43921172618865967,
    0.4359057545661926,
    0.4395497441291809,
    0.444275438785553,
    0.439670592546463,
    0.44108641147613525,
    0.44216153025627136,
    0.4379025995731354,
    0.4374348223209381,
    0.4301830530166626,
    0.443334698677063,
    0.4554564952850342,
    0.43746310472488403,
    0.4446324110031128,
    0.43676143884658813,
    0.43915021419525146,
    0.44066640734672546,
    0.4384538531303406,
    0.4382093548774719,
    0.4308948516845703,
    0.44136321544647217,
    0.4438682198524475,
    0.43676644563674927,
    0.44188207387924194,
    0.44072747230529785,
    0.4399264454841614,
    0.4315045177936554,
    0.4413261413574219,
    0.44099166989326477,
    0.4424247145652771,
    0.4470764100551605,
    0.4392915368080139,
    0.44303977489471436,
    0.4418225884437561,
    0.44065022468566895,
    0.44036635756492615,
    0.4362458288669586,
    0.4364488124847412,
    0.45459413528442383,
    0.4384165406227112,
    0.43484848737716675,
    0.4382750391960144,
    0.4420022964477539,
    0.4399442970752716,
    0.43676847219467163,
    0.4434868097305298,
    0.43684232234954834,
    0.4359080195426941,
    0.4388047158718109,
    0.44269388914108276,
    0.42806529998779297,
    0.44368964433670044,
    0.43836766481399536,
    0.43498218059539795
  ],
  "val_accuracy": [
    0.7294921875,
    0.7581380208333334,
    0.7892578125,
    0.7953125,
    0.7977213541666667,
    0.7977213541666667,
    0.7990885416666667,
    0.8086588541666667,
    0.8055338541666667,
    0.808203125,
    0.8116536458333333,
    0.8112630208333333,
    0.8178385416666667,
    0.8147786458333334,
    0.8173177083333333,
    0.8172526041666667,
    0.819140625,
    0.8186197916666667,
    0.8182942708333333,
    0.821875,
    0.8190755208333333,
    0.8160807291666666,
    0.8204427083333333,
    0.8229817708333333,
    0.8214192708333333,
    0.8246744791666667,
    0.8222005208333333,
    0.8211588541666667,
    0.8220052083333333,
    0.8215494791666667,
    0.8252604166666667,
    0.8256510416666667,
    0.8244791666666667,
    0.8234375,
    0.8247395833333333,
    0.8240234375,
    0.8251302083333333,
    0.8256510416666667,
    0.8254557291666667,
    0.825390625,
    0.8237630208333333,
    0.8243489583333333,
    0.8272786458333333,
    0.8274088541666667,
    0.8263671875,
    0.825390625,
    0.8261067708333333,
    0.8263020833333333,
    0.8267578125,
    0.8272135416666667,
    0.8264322916666667,
    0.827734375,
    0.82421875,
    0.8253255208333333,
    0.8283854166666667,
    0.8265625,
    0.8264322916666667,
    0.827734375,
    0.8276041666666667,
    0.8288411458333333,
    0.8275390625,
    0.8274739583333334,
    0.8271484375,
    0.82890625,
    0.827734375,
    0.825390625,
    0.826953125,
    0.8262369791666667,
    0.8265625,
    0.8296875,
    0.8264973958333334,
    0.8266927083333333,
    0.8255208333333334,
    0.8279296875,
    0.8288411458333333,
    0.8264973958333334,
    0.8284505208333334,
    0.8298828125,
    0.826953125,
    0.825,
    0.8286458333333333,
    0.8255208333333334,
    0.8254557291666667,
    0.8276041666666667,
    0.8284505208333334,
    0.8285807291666667,
    0.8254557291666667,
    0.8260416666666667,
    0.8264973958333334,
    0.8266927083333333,
    0.8264973958333334,
    0.8264973958333334,
    0.8282552083333333,
    0.8280598958333333,
    0.8261067708333333,
    0.8264973958333334,
    0.8295572916666667,
    0.8296223958333333,
    0.825,
    0.8283203125
  ]
}