{
  "epoch": [
    1000,
    2000,
    3000,
    4000,
    5000,
    6000,
    7000,
    8000,
    9000,
    10000,
    11000,
    12000,
    13000,
    14000,
    15000,
    16000,
    17000,
    18000,
    19000,
    20000,
    21000,
    22000,
    23000,
    24000,
    25000,
    26000,
    27000,
    28000,
    29000,
    30000,
    31000,
    32000,
    33000,
    34000,
    35000,
    36000,
    37000,
    38000,
    39000,
    40000,
    41000,
    42000,
    43000,
    44000,
    45000,
    46000,
    47000,
    48000,
    49000,
    50000,
    51000,
    52000,
    53000,
    54000,
    55000,
    56000,
    57000,
    58000,
    59000,
    60000,
    61000,
    62000,
    63000,
    64000,
    65000,
    66000,
    67000,
    68000,
    69000,
    70000,
    71000,
    72000,
    73000,
    74000,
    75000,
    76000,
    77000,
    78000,
    79000,
    80000,
    81000,
    82000,
    83000,
    84000,
    85000,
    86000,
    87000,
    88000,
    89000,
    90000,
    91000,
    92000,
    93000,
    94000,
    95000,
    96000,
    97000,
    98000,
    99000,
    100000
  ],
  "train_loss": [
    0.7156604528427124,
    0.6979737877845764,
    0.7070236802101135,
    0.6984045505523682,
    0.6881792545318604,
    0.6937761306762695,
    0.6924530863761902,
    0.6943005323410034,
    0.6854441165924072,
    0.6877686977386475,
    0.6953359842300415,
    0.6673779487609863,
    0.627487301826477,
    0.6222001910209656,
    0.6042122840881348,
    0.5939685106277466,
    0.5981674194335938,
    0.5882677435874939,
    0.5768901109695435,
    0.5706532001495361,
    0.5617549419403076,
    0.5437350869178772,
    0.510588526725769,
    0.4797898530960083,
    0.47655630111694336,
    0.45829328894615173,
    0.47895750403404236,
    0.4620131850242615,
    0.45894330739974976,
    0.45687374472618103,
    0.45582646131515503,
    0.4637598991394043,
    0.4474714398384094,
    0.4609360098838806,
    0.45356589555740356,
    0.4633342921733856,
    0.47346949577331543,
    0.44789227843284607,
    0.4399542212486267,
    0.46628525853157043,
    0.45293471217155457,
    0.43915197253227234,
    0.4511571228504181,
    0.445384681224823,
    0.44106459617614746,
    0.43584680557250977,
    0.4530641436576843,
    0.4561232626438141,
    0.44288694858551025,
    0.4600292444229126,
    0.4468522071838379,
    0.4380684196949005,
    0.4412238597869873,
    0.4392830431461334,
    0.43973714113235474,
    0.43293946981430054,
    0.4403414726257324,
    0.4458940625190735,
    0.4681199789047241,
    0.4432520866394043,
    0.4318074584007263,
    0.43796148896217346,
    0.4438909888267517,
    0.44695430994033813,
    0.44258278608322144,
    0.44081127643585205,
    0.44117215275764465,
    0.44260120391845703,
    0.43543821573257446,
    0.4378788471221924,
    0.4489133954048157,
    0.44477909803390503,
    0.4394524097442627,
    0.4323365390300751,
    0.4385952353477478,
    0.4374907612800598,
    0.4380838871002197,
    0.43629470467567444,
    0.444786012172699,
    0.43913838267326355,
    0.44107022881507874,
    0.43451952934265137,
    0.43611282110214233,
    0.43373650312423706,
    0.4506402611732483,
    0.4340011477470398,
    0.44214585423469543,
    0.4404308795928955,
    0.42877212166786194,
    0.434457004070282,
    0.43960076570510864,
    0.438681960105896,
    0.43950846791267395,
    0.4310705065727234,
    0.43728744983673096,
    0.4364616572856903,
    0.4383544325828552,
    0.4384041726589203,
    0.4372742474079132,
    0.44289878010749817
  ],
  "val_accuracy": [
    0.7271484375,
    0.7274088541666667,
    0.7249348958333334,
    0.7233072916666666,
    0.7268229166666667,
    0.7253255208333333,
    0.7278645833333334,
    0.7255208333333333,
    0.7276041666666667,
    0.726953125,
    0.7285807291666667,
    0.731640625,
    0.7482421875,
    0.755078125,
    0.766796875,
    0.7672526041666666,
    0.7711588541666666,
    0.7709635416666667,
    0.7708984375,
    0.7649739583333334,
    0.773046875,
    0.7857421875,
    0.8081380208333333,
    0.8133463541666667,
    0.8141927083333333,
    0.8164713541666667,
    0.8153645833333333,
    0.8171223958333333,
    0.8155598958333333,
    0.8157552083333334,
    0.8181640625,
    0.8161458333333333,
    0.820703125,
    0.8216796875,
    0.825,
    0.8198567708333333,
    0.8218098958333333,
    0.8259114583333333,
    0.8231119791666667,
    0.8246744791666667,
    0.8249348958333333,
    0.825390625,
    0.8215494791666667,
    0.8255208333333334,
    0.8267578125,
    0.8245442708333334,
    0.8234375,
    0.8275390625,
    0.8270182291666667,
    0.8266927083333333,
    0.8272135416666667,
    0.825,
    0.8290364583333333,
    0.8259765625,
    0.8248046875,
    0.825390625,
    0.8249348958333333,
    0.8222005208333333,
    0.8244791666666667,
    0.82421875,
    0.8244791666666667,
    0.8266276041666667,
    0.82734375,
    0.8260416666666667,
    0.8263020833333333,
    0.8276041666666667,
    0.8263020833333333,
    0.8251953125,
    0.828515625,
    0.8280598958333333,
    0.8235026041666667,
    0.82734375,
    0.824609375,
    0.8244140625,
    0.8276692708333333,
    0.8274739583333334,
    0.8259765625,
    0.82734375,
    0.8244791666666667,
    0.82734375,
    0.824609375,
    0.8281901041666667,
    0.8251953125,
    0.8272786458333333,
    0.8266276041666667,
    0.8255859375,
    0.8257161458333333,
    0.8255859375,
    0.8262369791666667,
    0.8258463541666666,
    0.8264973958333334,
    0.8272786458333333,
    0.8253255208333333,
    0.8268880208333333,
    0.8258463541666666,
    0.8272135416666667,
    0.8255208333333334,
    0.8263671875,
    0.8262369791666667,
    0.8257161458333333
  ]
}