{
  "epoch": [
    1000,
    2000,
    3000,
    4000,
    5000,
    6000,
    7000,
    8000,
    9000,
    10000,
    11000,
    12000,
    13000,
    14000,
    15000,
    16000,
    17000,
    18000,
    19000,
    20000,
    21000,
    22000,
    23000,
    24000,
    25000,
    26000,
    27000,
    28000,
    29000,
    30000,
    31000,
    32000,
    33000,
    34000,
    35000,
    36000,
    37000,
    38000,
    39000,
    40000,
    41000,
    42000,
    43000,
    44000,
    45000,
    46000,
    47000,
    48000,
    49000,
    50000,
    51000,
    52000,
    53000,
    54000,
    55000,
    56000,
    57000,
    58000,
    59000,
    60000,
    61000,
    62000,
    63000,
    64000,
    65000,
    66000,
    67000,
    68000,
    69000,
    70000,
    71000,
    72000,
    73000,
    74000,
    75000,
    76000,
    77000,
    78000,
    79000,
    80000,
    81000,
    82000,
    83000,
    84000,
    85000,
    86000,
    87000,
    88000,
    89000,
    90000,
    91000,
    92000,
    93000,
    94000,
    95000,
    96000,
    97000,
    98000,
    99000,
    100000
  ],
  "train_loss": [
    0.6775422096252441,
    0.6331666111946106,
    0.595633327960968,
    0.5122137665748596,
    0.4956591725349426,
    0.49034297466278076,
    0.4999777674674988,
    0.47053685784339905,
    0.47992196679115295,
    0.495438814163208,
    0.48142582178115845,
    0.4706999957561493,
    0.46025434136390686,
    0.46888935565948486,
    0.4723352789878845,
    0.4695296585559845,
    0.47200071811676025,
    0.46146607398986816,
    0.45954063534736633,
    0.46406400203704834,
    0.46847110986709595,
    0.46325570344924927,
    0.4572294354438782,
    0.4606342613697052,
    0.45833146572113037,
    0.4633605480194092,
    0.4651890695095062,
    0.47248825430870056,
    0.46229249238967896,
    0.44641274213790894,
    0.4676723778247833,
    0.4682263135910034,
    0.455148845911026,
    0.46454331278800964,
    0.48075011372566223,
    0.46458667516708374,
    0.460415780544281,
    0.4582200050354004,
    0.48360690474510193,
    0.457258403301239,
    0.46295079588890076,
    0.4707257151603699,
    0.4655883014202118,
    0.4615473747253418,
    0.4533827602863312,
    0.45473355054855347,
    0.45518046617507935,
    0.45566415786743164,
    0.46559202671051025,
    0.4701557755470276,
    0.45790886878967285,
    0.4559578001499176,
    0.4539240598678589,
    0.46450161933898926,
    0.4583750367164612,
    0.4471365213394165,
    0.4554666578769684,
    0.47374916076660156,
    0.4596722722053528,
    0.45619893074035645,
    0.45751598477363586,
    0.4576244056224823,
    0.4563192129135132,
    0.45584970712661743,
    0.464271605014801,
    0.5329393148422241,
    0.4560173451900482,
    0.46328994631767273,
    0.46423861384391785,
    0.45252007246017456,
    0.4579193592071533,
    0.4659693241119385,
    0.4569266140460968,
    0.4558273255825043,
    0.4657156765460968,
    0.4661455750465393,
    0.45246419310569763,
    0.4577506482601166,
    0.4585825800895691,
    0.45986586809158325,
    0.4678880572319031,
    0.4511411190032959,
    0.45875072479248047,
    0.4559938609600067,
    0.4559450149536133,
    0.46063199639320374,
    0.45764434337615967,
    0.4519217014312744,
    0.45731180906295776,
    0.45800480246543884,
    0.45600301027297974,
    0.4540797770023346,
    0.45761364698410034,
    0.453482985496521,
    0.4630626142024994,
    0.4536024332046509,
    0.45191335678100586,
    0.4547688066959381,
    0.45980268716812134,
    0.4560902714729309
  ],
  "val_accuracy": [
    0.7502403846153847,
    0.7629326923076923,
    0.785625,
    0.8071153846153846,
    0.8138461538461539,
    0.8134134615384615,
    0.8193269230769231,
    0.8220673076923077,
    0.8235576923076923,
    0.823076923076923,
    0.8243269230769231,
    0.8258653846153846,
    0.824375,
    0.8240384615384615,
    0.8277884615384615,
    0.8253846153846154,
    0.8272596153846153,
    0.824375,
    0.8263461538461538,
    0.8276923076923077,
    0.8247596153846154,
    0.8271634615384615,
    0.8271634615384615,
    0.8275,
    0.8270673076923077,
    0.8278365384615385,
    0.8263461538461538,
    0.8275,
    0.8276442307692308,
    0.8277403846153846,
    0.8274519230769231,
    0.8297596153846154,
    0.8282692307692308,
    0.8294711538461539,
    0.8286538461538462,
    0.8292788461538462,
    0.828125,
    0.8284615384615385,
    0.8283653846153847,
    0.8271634615384615,
    0.8275,
    0.8286057692307692,
    0.8278365384615385,
    0.8283653846153847,
    0.8286538461538462,
    0.8277884615384615,
    0.827548076923077,
    0.8282211538461538,
    0.828173076923077,
    0.828701923076923,
    0.8294230769230769,
    0.828173076923077,
    0.826875,
    0.8285576923076923,
    0.8285576923076923,
    0.8286057692307692,
    0.82875,
    0.8284134615384615,
    0.8278846153846153,
    0.8275,
    0.8285576923076923,
    0.8294711538461539,
    0.8289903846153847,
    0.8277403846153846,
    0.8277884615384615,
    0.827548076923077,
    0.8276442307692308,
    0.8284134615384615,
    0.8282211538461538,
    0.8271153846153846,
    0.8291346153846154,
    0.8275961538461538,
    0.8293269230769231,
    0.8287980769230769,
    0.8273076923076923,
    0.8282692307692308,
    0.8274038461538461,
    0.8273557692307693,
    0.8279807692307692,
    0.8285096153846154,
    0.8294711538461539,
    0.8279807692307692,
    0.8294711538461539,
    0.8286538461538462,
    0.8269711538461538,
    0.8286538461538462,
    0.8288461538461539,
    0.8290865384615385,
    0.8291826923076923,
    0.8287980769230769,
    0.8272115384615385,
    0.8277884615384615,
    0.8291826923076923,
    0.8283173076923077,
    0.8275,
    0.8276923076923077,
    0.828125,
    0.8277403846153846,
    0.8278365384615385,
    0.8282692307692308
  ]
}