{
  "epoch": [
    1000,
    2000,
    3000,
    4000,
    5000,
    6000,
    7000,
    8000,
    9000,
    10000,
    11000,
    12000,
    13000,
    14000,
    15000,
    16000,
    17000,
    18000,
    19000,
    20000,
    21000,
    22000,
    23000,
    24000,
    25000,
    26000,
    27000,
    28000,
    29000,
    30000,
    31000,
    32000,
    33000,
    34000,
    35000,
    36000,
    37000,
    38000,
    39000,
    40000,
    41000,
    42000,
    43000,
    44000,
    45000,
    46000,
    47000,
    48000,
    49000,
    50000,
    51000,
    52000,
    53000,
    54000,
    55000,
    56000,
    57000,
    58000,
    59000,
    60000,
    61000,
    62000,
    63000,
    64000,
    65000,
    66000,
    67000,
    68000,
    69000,
    70000,
    71000,
    72000,
    73000,
    74000,
    75000,
    76000,
    77000,
    78000,
    79000,
    80000,
    81000,
    82000,
    83000,
    84000,
    85000,
    86000,
    87000,
    88000,
    89000,
    90000,
    91000,
    92000,
    93000,
    94000,
    95000,
    96000,
    97000,
    98000,
    99000,
    100000
  ],
  "train_loss": [
    0.733817458152771,
    0.6983760595321655,
    0.6998705267906189,
    0.6874532103538513,
    0.6945619583129883,
    0.657969057559967,
    0.6126723289489746,
    0.5801073312759399,
    0.5426583290100098,
    0.5287830829620361,
    0.5113560557365417,
    0.490125834941864,
    0.5223565697669983,
    0.47119301557540894,
    0.5004046559333801,
    0.5190371870994568,
    0.4964327812194824,
    0.496214896440506,
    0.4560807943344116,
    0.48359546065330505,
    0.4838928282260895,
    0.49140357971191406,
    0.49929502606391907,
    0.5041406750679016,
    0.48974040150642395,
    0.47828635573387146,
    0.46825578808784485,
    0.4843280017375946,
    0.4745412766933441,
    0.47490614652633667,
    0.4687599539756775,
    0.4785401523113251,
    0.47909271717071533,
    0.4738239347934723,
    0.47061628103256226,
    0.4709257483482361,
    0.4815373122692108,
    0.482012003660202,
    0.48078420758247375,
    0.45446571707725525,
    0.47159838676452637,
    0.47035983204841614,
    0.47321823239326477,
    0.4640394449234009,
    0.47242456674575806,
    0.47666776180267334,
    0.4982033371925354,
    0.4700510501861572,
    0.4608871340751648,
    0.4623180031776428,
    0.4739946722984314,
    0.4705319404602051,
    0.4689876437187195,
    0.46507513523101807,
    0.4565927982330322,
    0.4680338501930237,
    0.4572058618068695,
    0.46306365728378296,
    0.46181976795196533,
    0.46482333540916443,
    0.4668477773666382,
    0.4493686556816101,
    0.4699137806892395,
    0.4661766588687897,
    0.46778175234794617,
    0.46107643842697144,
    0.4596433639526367,
    0.4549678862094879,
    0.4566713571548462,
    0.4638563394546509,
    0.4625917673110962,
    0.47110360860824585,
    0.46007588505744934,
    0.47125381231307983,
    0.46413737535476685,
    0.4593079686164856,
    0.4647248387336731,
    0.46135973930358887,
    0.4661584496498108,
    0.4620118737220764,
    0.4580877721309662,
    0.4577982723712921,
    0.46437960863113403,
    0.46056434512138367,
    0.4652518033981323,
    0.4638504385948181,
    0.4717361330986023,
    0.46486198902130127,
    0.4589826166629791,
    0.4562826156616211,
    0.4623890519142151,
    0.44969499111175537,
    0.45067718625068665,
    0.4576401710510254,
    0.4494389593601227,
    0.4495656490325928,
    0.47056978940963745,
    0.466508150100708,
    0.4537407159805298,
    0.4622294306755066
  ],
  "val_accuracy": [
    0.7312980769230769,
    0.7397115384615385,
    0.7412019230769231,
    0.7438461538461538,
    0.7457692307692307,
    0.7595673076923077,
    0.7740384615384616,
    0.7905769230769231,
    0.8016346153846153,
    0.8071634615384615,
    0.8051442307692308,
    0.8077884615384615,
    0.8070192307692308,
    0.8091346153846154,
    0.8144230769230769,
    0.8153846153846154,
    0.8161057692307693,
    0.8167788461538461,
    0.8171634615384615,
    0.8164903846153846,
    0.8168269230769231,
    0.8192307692307692,
    0.817451923076923,
    0.8178365384615385,
    0.818701923076923,
    0.8200480769230769,
    0.8193269230769231,
    0.8195673076923077,
    0.8200480769230769,
    0.8194711538461539,
    0.8200480769230769,
    0.8212019230769231,
    0.818076923076923,
    0.8205288461538461,
    0.8204807692307692,
    0.8203846153846154,
    0.822451923076923,
    0.8205769230769231,
    0.8202884615384616,
    0.8214903846153846,
    0.8216826923076923,
    0.822548076923077,
    0.8207211538461539,
    0.8220673076923077,
    0.8216346153846154,
    0.8204807692307692,
    0.8228365384615385,
    0.8233173076923077,
    0.8213942307692308,
    0.8222596153846153,
    0.8228846153846154,
    0.8220192307692308,
    0.8217307692307693,
    0.8227884615384615,
    0.8215384615384616,
    0.8206730769230769,
    0.822451923076923,
    0.8227403846153846,
    0.8232211538461538,
    0.8235096153846154,
    0.8228846153846154,
    0.8216346153846154,
    0.8224038461538462,
    0.8224038461538462,
    0.8238461538461539,
    0.8229326923076923,
    0.8232211538461538,
    0.8218269230769231,
    0.8239423076923077,
    0.8226442307692308,
    0.823076923076923,
    0.8241826923076923,
    0.8220192307692308,
    0.823076923076923,
    0.8222115384615385,
    0.8237980769230769,
    0.8235576923076923,
    0.8222115384615385,
    0.8239423076923077,
    0.8232692307692308,
    0.8223076923076923,
    0.8226442307692308,
    0.8236538461538462,
    0.8229326923076923,
    0.8239423076923077,
    0.8242307692307692,
    0.822451923076923,
    0.8232211538461538,
    0.8221634615384615,
    0.8230288461538462,
    0.822548076923077,
    0.8221634615384615,
    0.8247115384615384,
    0.8240384615384615,
    0.8223076923076923,
    0.8234134615384615,
    0.8235576923076923,
    0.8236538461538462,
    0.8221634615384615,
    0.8222115384615385
  ]
}