{
  "epoch": [
    1000,
    2000,
    3000,
    4000,
    5000,
    6000,
    7000,
    8000,
    9000,
    10000,
    11000,
    12000,
    13000,
    14000,
    15000,
    16000,
    17000,
    18000,
    19000,
    20000,
    21000,
    22000,
    23000,
    24000,
    25000,
    26000,
    27000,
    28000,
    29000,
    30000,
    31000,
    32000,
    33000,
    34000,
    35000,
    36000,
    37000,
    38000,
    39000,
    40000,
    41000,
    42000,
    43000,
    44000,
    45000,
    46000,
    47000,
    48000,
    49000,
    50000,
    51000,
    52000,
    53000,
    54000,
    55000,
    56000,
    57000,
    58000,
    59000,
    60000,
    61000,
    62000,
    63000,
    64000,
    65000,
    66000,
    67000,
    68000,
    69000,
    70000,
    71000,
    72000,
    73000,
    74000,
    75000,
    76000,
    77000,
    78000,
    79000,
    80000,
    81000,
    82000,
    83000,
    84000,
    85000,
    86000,
    87000,
    88000,
    89000,
    90000,
    91000,
    92000,
    93000,
    94000,
    95000,
    96000,
    97000,
    98000,
    99000,
    100000
  ],
  "train_loss": [
    0.6692404747009277,
    0.642418384552002,
    0.5898536443710327,
    0.5792725682258606,
    0.5597850680351257,
    0.5079757571220398,
    0.5174842476844788,
    0.5305041074752808,
    0.4989742934703827,
    0.4986550807952881,
    0.491456538438797,
    0.49388349056243896,
    0.5016924142837524,
    0.48398488759994507,
    0.48872312903404236,
    0.48794859647750854,
    0.47953712940216064,
    0.48260021209716797,
    0.46372348070144653,
    0.48156213760375977,
    0.4745834469795227,
    0.4747868776321411,
    0.4802093803882599,
    0.47017669677734375,
    0.4737319350242615,
    0.4642801880836487,
    0.4710562825202942,
    0.45954808592796326,
    0.46769338846206665,
    0.46111589670181274,
    0.47032058238983154,
    0.4762040078639984,
    0.4631425738334656,
    0.47971779108047485,
    0.4655976891517639,
    0.4779126048088074,
    0.46981281042099,
    0.5028296709060669,
    0.46739134192466736,
    0.461396723985672,
    0.45443594455718994,
    0.4770723879337311,
    0.4590699076652527,
    0.4695771336555481,
    0.47584161162376404,
    0.4583025574684143,
    0.45955848693847656,
    0.4696434736251831,
    0.4772895276546478,
    0.4669478237628937,
    0.4667912721633911,
    0.46374136209487915,
    0.4574018716812134,
    0.48507949709892273,
    0.4609280824661255,
    0.4785987138748169,
    0.47242996096611023,
    0.46676644682884216,
    0.46296772360801697,
    0.46359047293663025,
    0.4781520366668701,
    0.4615616500377655,
    0.4602430760860443,
    0.4674626588821411,
    0.45632433891296387,
    0.4608649015426636,
    0.46621498465538025,
    0.4617727994918823,
    0.4543684124946594,
    0.4580708146095276,
    0.46974414587020874,
    0.4632936716079712,
    0.4723517596721649,
    0.45050373673439026,
    0.4819936752319336,
    0.4586552381515503,
    0.46640557050704956,
    0.4711754620075226,
    0.46255993843078613,
    0.46398863196372986,
    0.4664493501186371,
    0.4549303650856018,
    0.4673547148704529,
    0.47046974301338196,
    0.4583466649055481,
    0.454129159450531,
    0.4756167531013489,
    0.45816749334335327,
    0.46032243967056274,
    0.4604543447494507,
    0.4616566300392151,
    0.4665193259716034,
    0.4655260145664215,
    0.4560118615627289,
    0.456762433052063,
    0.47262611985206604,
    0.4638708233833313,
    0.48623913526535034,
    0.4620264768600464,
    0.46149495244026184
  ],
  "val_accuracy": [
    0.7467788461538462,
    0.7651442307692308,
    0.7810096153846153,
    0.784375,
    0.7997596153846154,
    0.8027884615384615,
    0.8079807692307692,
    0.8105288461538461,
    0.8132211538461539,
    0.8154807692307692,
    0.8115865384615385,
    0.8160096153846154,
    0.8177884615384615,
    0.8160096153846154,
    0.8186057692307692,
    0.8194230769230769,
    0.8213942307692308,
    0.8204807692307692,
    0.8215384615384616,
    0.8213942307692308,
    0.8220673076923077,
    0.8221634615384615,
    0.8223076923076923,
    0.8213461538461538,
    0.8213942307692308,
    0.8226442307692308,
    0.824375,
    0.8223076923076923,
    0.8237980769230769,
    0.8243269230769231,
    0.8226442307692308,
    0.8227403846153846,
    0.8239903846153847,
    0.8260576923076923,
    0.8240865384615385,
    0.822548076923077,
    0.8246153846153846,
    0.8217307692307693,
    0.8238942307692307,
    0.8225961538461538,
    0.8233653846153847,
    0.823173076923077,
    0.8222115384615385,
    0.8254807692307692,
    0.82625,
    0.8251923076923077,
    0.8237980769230769,
    0.8258173076923077,
    0.824375,
    0.8225961538461538,
    0.8237980769230769,
    0.8250480769230769,
    0.8246634615384615,
    0.8253846153846154,
    0.8243269230769231,
    0.8242788461538462,
    0.8240865384615385,
    0.8233653846153847,
    0.8257692307692308,
    0.8247596153846154,
    0.8255288461538461,
    0.8253365384615384,
    0.8251923076923077,
    0.8236057692307692,
    0.8244230769230769,
    0.8250480769230769,
    0.8245192307692307,
    0.825625,
    0.8254807692307692,
    0.8228365384615385,
    0.8242788461538462,
    0.8246153846153846,
    0.8248076923076924,
    0.8248076923076924,
    0.8236538461538462,
    0.8235576923076923,
    0.824375,
    0.8241826923076923,
    0.8255769230769231,
    0.8252403846153846,
    0.823076923076923,
    0.8251442307692308,
    0.824375,
    0.8265865384615385,
    0.8252884615384616,
    0.8242307692307692,
    0.8240865384615385,
    0.8257692307692308,
    0.8264423076923076,
    0.8259134615384616,
    0.8242307692307692,
    0.8255769230769231,
    0.8254807692307692,
    0.8245673076923077,
    0.8247115384615384,
    0.8245673076923077,
    0.8255288461538461,
    0.8253365384615384,
    0.8260576923076923,
    0.8255288461538461
  ]
}