{
  "epoch": [
    1000,
    2000,
    3000,
    4000,
    5000,
    6000,
    7000,
    8000,
    9000,
    10000,
    11000,
    12000,
    13000,
    14000,
    15000,
    16000,
    17000,
    18000,
    19000,
    20000,
    21000,
    22000,
    23000,
    24000,
    25000,
    26000,
    27000,
    28000,
    29000,
    30000,
    31000,
    32000,
    33000,
    34000,
    35000,
    36000,
    37000,
    38000,
    39000,
    40000,
    41000,
    42000,
    43000,
    44000,
    45000,
    46000,
    47000,
    48000,
    49000,
    50000,
    51000,
    52000,
    53000,
    54000,
    55000,
    56000,
    57000,
    58000,
    59000,
    60000,
    61000,
    62000,
    63000,
    64000,
    65000,
    66000,
    67000,
    68000,
    69000,
    70000,
    71000,
    72000,
    73000,
    74000,
    75000,
    76000,
    77000,
    78000,
    79000,
    80000,
    81000,
    82000,
    83000,
    84000,
    85000,
    86000,
    87000,
    88000,
    89000,
    90000,
    91000,
    92000,
    93000,
    94000,
    95000,
    96000,
    97000,
    98000,
    99000,
    100000
  ],
  "train_loss": [
    0.6959574222564697,
    0.6360189914703369,
    0.6211772561073303,
    0.594406008720398,
    0.5060598850250244,
    0.4941710829734802,
    0.477766215801239,
    0.4619520902633667,
    0.4615541696548462,
    0.4711928069591522,
    0.45713263750076294,
    0.4506668448448181,
    0.462679386138916,
    0.44873660802841187,
    0.46069592237472534,
    0.47311800718307495,
    0.4590018391609192,
    0.4411686658859253,
    0.4636342525482178,
    0.44385969638824463,
    0.45252642035484314,
    0.47015684843063354,
    0.44006237387657166,
    0.44936245679855347,
    0.46661093831062317,
    0.44606760144233704,
    0.43917155265808105,
    0.4406018555164337,
    0.4465503990650177,
    0.4387514293193817,
    0.44758862257003784,
    0.4506334960460663,
    0.44031623005867004,
    0.4362223744392395,
    0.43882229924201965,
    0.45282405614852905,
    0.4385918378829956,
    0.44050949811935425,
    0.4360632300376892,
    0.4321870803833008,
    0.4411548972129822,
    0.4380302429199219,
    0.4388616383075714,
    0.4318695068359375,
    0.43593597412109375,
    0.43762698769569397,
    0.435355544090271,
    0.436533123254776,
    0.42659348249435425,
    0.43593257665634155,
    0.42731207609176636,
    0.4358823895454407,
    0.43854397535324097,
    0.4384632110595703,
    0.43264102935791016,
    0.4374661445617676,
    0.4348117709159851,
    0.4397035539150238,
    0.43569162487983704,
    0.4334559142589569,
    0.43438053131103516,
    0.43571779131889343,
    0.43115919828414917,
    0.4345935583114624,
    0.4327205419540405,
    0.4378032088279724,
    0.4365636706352234,
    0.43479377031326294,
    0.43534237146377563,
    0.4367959201335907,
    0.43913131952285767,
    0.43911099433898926,
    0.4372275471687317,
    0.43634575605392456,
    0.4281696081161499,
    0.43389639258384705,
    0.43299955129623413,
    0.43579649925231934,
    0.4278516173362732,
    0.43480437994003296,
    0.43774229288101196,
    0.43105489015579224,
    0.436132550239563,
    0.4288196563720703,
    0.4301431477069855,
    0.4393928647041321,
    0.43471759557724,
    0.4347569942474365,
    0.4285597801208496,
    0.4372466802597046,
    0.43697717785835266,
    0.43613237142562866,
    0.42946657538414,
    0.4312620162963867,
    0.43438440561294556,
    0.43663161993026733,
    0.4369310140609741,
    0.44389212131500244,
    0.4273655414581299,
    0.43642354011535645
  ],
  "val_accuracy": [
    0.7309244791666667,
    0.7522135416666667,
    0.7625651041666667,
    0.768359375,
    0.7940104166666667,
    0.8109375,
    0.8104817708333333,
    0.8180989583333333,
    0.8213541666666667,
    0.8200520833333333,
    0.8196614583333334,
    0.8228515625,
    0.8235026041666667,
    0.8237630208333333,
    0.821875,
    0.8222005208333333,
    0.8173828125,
    0.8236979166666667,
    0.8244140625,
    0.8231119791666667,
    0.8223307291666667,
    0.8245442708333334,
    0.8236979166666667,
    0.8225260416666667,
    0.824609375,
    0.824609375,
    0.8261067708333333,
    0.8264322916666667,
    0.8239583333333333,
    0.8279947916666667,
    0.8261067708333333,
    0.8268229166666666,
    0.8253255208333333,
    0.8290364583333333,
    0.8262369791666667,
    0.8279947916666667,
    0.8264973958333334,
    0.8272786458333333,
    0.8292317708333333,
    0.8305989583333333,
    0.826953125,
    0.8264973958333334,
    0.8268229166666666,
    0.8291666666666667,
    0.8275390625,
    0.828515625,
    0.8263671875,
    0.8275390625,
    0.82734375,
    0.8275390625,
    0.8282552083333333,
    0.8270182291666667,
    0.82734375,
    0.8276041666666667,
    0.8291666666666667,
    0.8266276041666667,
    0.82734375,
    0.8277994791666666,
    0.8272786458333333,
    0.8263671875,
    0.8279296875,
    0.8257161458333333,
    0.8261067708333333,
    0.82734375,
    0.82734375,
    0.826953125,
    0.8270833333333333,
    0.8267578125,
    0.8283203125,
    0.8266276041666667,
    0.8260416666666667,
    0.8279296875,
    0.8270833333333333,
    0.8261067708333333,
    0.8264322916666667,
    0.8268229166666666,
    0.8267578125,
    0.8259114583333333,
    0.827734375,
    0.8272786458333333,
    0.8278645833333333,
    0.8266276041666667,
    0.8261067708333333,
    0.8263671875,
    0.826171875,
    0.8279296875,
    0.8266276041666667,
    0.8251302083333333,
    0.8264973958333334,
    0.8261067708333333,
    0.82734375,
    0.8263020833333333,
    0.8258463541666666,
    0.8266276041666667,
    0.8270833333333333,
    0.8255208333333334,
    0.8251302083333333,
    0.8274739583333334,
    0.8261067708333333,
    0.82578125
  ]
}