{
  "epoch": [
    1000,
    2000,
    3000,
    4000,
    5000,
    6000,
    7000,
    8000,
    9000,
    10000,
    11000,
    12000,
    13000,
    14000,
    15000,
    16000,
    17000,
    18000,
    19000,
    20000,
    21000,
    22000,
    23000,
    24000,
    25000,
    26000,
    27000,
    28000,
    29000,
    30000,
    31000,
    32000,
    33000,
    34000,
    35000,
    36000,
    37000,
    38000,
    39000,
    40000,
    41000,
    42000,
    43000,
    44000,
    45000,
    46000,
    47000,
    48000,
    49000,
    50000,
    51000,
    52000,
    53000,
    54000,
    55000,
    56000,
    57000,
    58000,
    59000,
    60000,
    61000,
    62000,
    63000,
    64000,
    65000,
    66000,
    67000,
    68000,
    69000,
    70000,
    71000,
    72000,
    73000,
    74000,
    75000,
    76000,
    77000,
    78000,
    79000,
    80000,
    81000,
    82000,
    83000,
    84000,
    85000,
    86000,
    87000,
    88000,
    89000,
    90000,
    91000,
    92000,
    93000,
    94000,
    95000,
    96000,
    97000,
    98000,
    99000,
    100000
  ],
  "train_loss": [
    0.7063367366790771,
    0.6418184041976929,
    0.6192324161529541,
    0.5495117902755737,
    0.5132551789283752,
    0.48946088552474976,
    0.4691176414489746,
    0.4897712767124176,
    0.4702771306037903,
    0.45702433586120605,
    0.46631723642349243,
    0.48929423093795776,
    0.43949660658836365,
    0.4688025712966919,
    0.45524048805236816,
    0.44303980469703674,
    0.4495609402656555,
    0.44323769211769104,
    0.43734005093574524,
    0.4530062675476074,
    0.4362655282020569,
    0.44713523983955383,
    0.4450163245201111,
    0.458744615316391,
    0.4436139166355133,
    0.4475143253803253,
    0.45311447978019714,
    0.44372129440307617,
    0.44396865367889404,
    0.43065524101257324,
    0.4393234848976135,
    0.4390064477920532,
    0.44432681798934937,
    0.4427117109298706,
    0.46027082204818726,
    0.4392516016960144,
    0.4384267330169678,
    0.438841313123703,
    0.4383252263069153,
    0.44702643156051636,
    0.4417439103126526,
    0.4390751123428345,
    0.4384884536266327,
    0.4437183141708374,
    0.4316469430923462,
    0.433965802192688,
    0.43898117542266846,
    0.4334353804588318,
    0.43518877029418945,
    0.44850701093673706,
    0.43778368830680847,
    0.45487868785858154,
    0.43512749671936035,
    0.4356834292411804,
    0.4393202066421509,
    0.43153464794158936,
    0.4448465406894684,
    0.43845754861831665,
    0.43883734941482544,
    0.44142287969589233,
    0.4290004372596741,
    0.4325290322303772,
    0.4315338730812073,
    0.4374088644981384,
    0.4360133409500122,
    0.4436701536178589,
    0.434151291847229,
    0.43874263763427734,
    0.4312940239906311,
    0.4366544783115387,
    0.43871355056762695,
    0.4357229471206665,
    0.43410491943359375,
    0.4292628765106201,
    0.4357520043849945,
    0.43666788935661316,
    0.4351451098918915,
    0.4364611506462097,
    0.43704885244369507,
    0.4378321170806885,
    0.43960118293762207,
    0.43063461780548096,
    0.43541479110717773,
    0.4356970489025116,
    0.43247276544570923,
    0.4333176016807556,
    0.437110960483551,
    0.4408193826675415,
    0.4273780882358551,
    0.4315452575683594,
    0.433218777179718,
    0.439217746257782,
    0.44284915924072266,
    0.4241960048675537,
    0.4421761929988861,
    0.4298630356788635,
    0.43844670057296753,
    0.4338279664516449,
    0.4383564591407776,
    0.4307641386985779
  ],
  "val_accuracy": [
    0.7275390625,
    0.7520833333333333,
    0.7717447916666667,
    0.7895833333333333,
    0.8034505208333333,
    0.8037109375,
    0.809375,
    0.8178385416666667,
    0.8151041666666666,
    0.8158203125,
    0.8189453125,
    0.8190755208333333,
    0.8215494791666667,
    0.8201822916666667,
    0.8205729166666667,
    0.8211588541666667,
    0.8247395833333333,
    0.8236979166666667,
    0.821875,
    0.8239583333333333,
    0.8236979166666667,
    0.8224609375,
    0.8245442708333334,
    0.8212890625,
    0.8208984375,
    0.82109375,
    0.822265625,
    0.8236328125,
    0.8235026041666667,
    0.8237630208333333,
    0.8248697916666666,
    0.8238932291666666,
    0.8250651041666667,
    0.8249348958333333,
    0.8242838541666667,
    0.825390625,
    0.825390625,
    0.8251302083333333,
    0.8275390625,
    0.8258463541666666,
    0.8268229166666666,
    0.8248697916666666,
    0.8229817708333333,
    0.8249348958333333,
    0.825390625,
    0.8255208333333334,
    0.825,
    0.8295572916666667,
    0.8265625,
    0.8263671875,
    0.8260416666666667,
    0.8263020833333333,
    0.8268880208333333,
    0.8248697916666666,
    0.8257161458333333,
    0.8256510416666667,
    0.8267578125,
    0.82578125,
    0.82421875,
    0.8276041666666667,
    0.826953125,
    0.8244140625,
    0.8262369791666667,
    0.8233723958333333,
    0.8248046875,
    0.8252604166666667,
    0.8271484375,
    0.8265625,
    0.8264322916666667,
    0.8265625,
    0.8250651041666667,
    0.8271484375,
    0.8259765625,
    0.825,
    0.8251953125,
    0.8261067708333333,
    0.8276692708333333,
    0.826171875,
    0.8249348958333333,
    0.8247395833333333,
    0.8275390625,
    0.8287760416666666,
    0.8267578125,
    0.8268229166666666,
    0.82421875,
    0.826171875,
    0.8263020833333333,
    0.8248046875,
    0.8245442708333334,
    0.8264973958333334,
    0.82578125,
    0.8259114583333333,
    0.825390625,
    0.8248697916666666,
    0.8245442708333334,
    0.8241536458333333,
    0.8263671875,
    0.82265625,
    0.8257161458333333,
    0.8261067708333333
  ]
}